-- MySQL dump 10.13  Distrib 8.0.14, for Win64 (x86_64)
--
-- Host: 127.0.0.1    Database: graduates_data
-- ------------------------------------------------------
-- Server version	8.0.14

/*!40101 SET @OLD_CHARACTER_SET_CLIENT=@@CHARACTER_SET_CLIENT */;
/*!40101 SET @OLD_CHARACTER_SET_RESULTS=@@CHARACTER_SET_RESULTS */;
/*!40101 SET @OLD_COLLATION_CONNECTION=@@COLLATION_CONNECTION */;
 SET NAMES utf8mb4 ;
/*!40103 SET @OLD_TIME_ZONE=@@TIME_ZONE */;
/*!40103 SET TIME_ZONE='+00:00' */;
/*!40014 SET @OLD_UNIQUE_CHECKS=@@UNIQUE_CHECKS, UNIQUE_CHECKS=0 */;
/*!40014 SET @OLD_FOREIGN_KEY_CHECKS=@@FOREIGN_KEY_CHECKS, FOREIGN_KEY_CHECKS=0 */;
/*!40101 SET @OLD_SQL_MODE=@@SQL_MODE, SQL_MODE='NO_AUTO_VALUE_ON_ZERO' */;
/*!40111 SET @OLD_SQL_NOTES=@@SQL_NOTES, SQL_NOTES=0 */;

--
-- Table structure for table `auth_group`
--

DROP TABLE IF EXISTS `auth_group`;
/*!40101 SET @saved_cs_client     = @@character_set_client */;
 SET character_set_client = utf8mb4 ;
CREATE TABLE `auth_group` (
  `id` int(11) NOT NULL AUTO_INCREMENT,
  `name` varchar(80) NOT NULL,
  PRIMARY KEY (`id`),
  UNIQUE KEY `name` (`name`)
) ENGINE=InnoDB AUTO_INCREMENT=2 DEFAULT CHARSET=utf8;
/*!40101 SET character_set_client = @saved_cs_client */;

--
-- Dumping data for table `auth_group`
--

LOCK TABLES `auth_group` WRITE;
/*!40000 ALTER TABLE `auth_group` DISABLE KEYS */;
INSERT INTO `auth_group` VALUES (1,'Politeh');
/*!40000 ALTER TABLE `auth_group` ENABLE KEYS */;
UNLOCK TABLES;

--
-- Table structure for table `auth_group_permissions`
--

DROP TABLE IF EXISTS `auth_group_permissions`;
/*!40101 SET @saved_cs_client     = @@character_set_client */;
 SET character_set_client = utf8mb4 ;
CREATE TABLE `auth_group_permissions` (
  `id` int(11) NOT NULL AUTO_INCREMENT,
  `group_id` int(11) NOT NULL,
  `permission_id` int(11) NOT NULL,
  PRIMARY KEY (`id`),
  UNIQUE KEY `auth_group_permissions_group_id_permission_id_0cd325b0_uniq` (`group_id`,`permission_id`),
  KEY `auth_group_permissio_permission_id_84c5c92e_fk_auth_perm` (`permission_id`),
  CONSTRAINT `auth_group_permissio_permission_id_84c5c92e_fk_auth_perm` FOREIGN KEY (`permission_id`) REFERENCES `auth_permission` (`id`),
  CONSTRAINT `auth_group_permissions_group_id_b120cbf9_fk_auth_group_id` FOREIGN KEY (`group_id`) REFERENCES `auth_group` (`id`)
) ENGINE=InnoDB DEFAULT CHARSET=utf8;
/*!40101 SET character_set_client = @saved_cs_client */;

--
-- Dumping data for table `auth_group_permissions`
--

LOCK TABLES `auth_group_permissions` WRITE;
/*!40000 ALTER TABLE `auth_group_permissions` DISABLE KEYS */;
/*!40000 ALTER TABLE `auth_group_permissions` ENABLE KEYS */;
UNLOCK TABLES;

--
-- Table structure for table `auth_permission`
--

DROP TABLE IF EXISTS `auth_permission`;
/*!40101 SET @saved_cs_client     = @@character_set_client */;
 SET character_set_client = utf8mb4 ;
CREATE TABLE `auth_permission` (
  `id` int(11) NOT NULL AUTO_INCREMENT,
  `name` varchar(255) NOT NULL,
  `content_type_id` int(11) NOT NULL,
  `codename` varchar(100) NOT NULL,
  PRIMARY KEY (`id`),
  UNIQUE KEY `auth_permission_content_type_id_codename_01ab375a_uniq` (`content_type_id`,`codename`),
  CONSTRAINT `auth_permission_content_type_id_2f476e4b_fk_django_co` FOREIGN KEY (`content_type_id`) REFERENCES `django_content_type` (`id`)
) ENGINE=InnoDB AUTO_INCREMENT=45 DEFAULT CHARSET=utf8;
/*!40101 SET character_set_client = @saved_cs_client */;

--
-- Dumping data for table `auth_permission`
--

LOCK TABLES `auth_permission` WRITE;
/*!40000 ALTER TABLE `auth_permission` DISABLE KEYS */;
INSERT INTO `auth_permission` VALUES (1,'Can add Направление, специальность',1,'add_cafedra'),(2,'Can change Направление, специальность',1,'change_cafedra'),(3,'Can delete Направление, специальность',1,'delete_cafedra'),(4,'Can view Направление, специальность',1,'view_cafedra'),(5,'Can add Факультет',2,'add_faculty'),(6,'Can change Факультет',2,'change_faculty'),(7,'Can delete Факультет',2,'delete_faculty'),(8,'Can view Факультет',2,'view_faculty'),(9,'Can add Сфера деятельности',3,'add_jcategory'),(10,'Can change Сфера деятельности',3,'change_jcategory'),(11,'Can delete Сфера деятельности',3,'delete_jcategory'),(12,'Can view Сфера деятельности',3,'view_jcategory'),(13,'Can add Студент',4,'add_student'),(14,'Can change Студент',4,'change_student'),(15,'Can delete Студент',4,'delete_student'),(16,'Can view Студент',4,'view_student'),(17,'Can add log entry',5,'add_logentry'),(18,'Can change log entry',5,'change_logentry'),(19,'Can delete log entry',5,'delete_logentry'),(20,'Can view log entry',5,'view_logentry'),(21,'Can add permission',6,'add_permission'),(22,'Can change permission',6,'change_permission'),(23,'Can delete permission',6,'delete_permission'),(24,'Can view permission',6,'view_permission'),(25,'Can add group',7,'add_group'),(26,'Can change group',7,'change_group'),(27,'Can delete group',7,'delete_group'),(28,'Can view group',7,'view_group'),(29,'Can add user',8,'add_user'),(30,'Can change user',8,'change_user'),(31,'Can delete user',8,'delete_user'),(32,'Can view user',8,'view_user'),(33,'Can add content type',9,'add_contenttype'),(34,'Can change content type',9,'change_contenttype'),(35,'Can delete content type',9,'delete_contenttype'),(36,'Can view content type',9,'view_contenttype'),(37,'Can add session',10,'add_session'),(38,'Can change session',10,'change_session'),(39,'Can delete session',10,'delete_session'),(40,'Can view session',10,'view_session'),(41,'Can add Фото',11,'add_photo'),(42,'Can change Фото',11,'change_photo'),(43,'Can delete Фото',11,'delete_photo'),(44,'Can view Фото',11,'view_photo');
/*!40000 ALTER TABLE `auth_permission` ENABLE KEYS */;
UNLOCK TABLES;

--
-- Table structure for table `auth_user`
--

DROP TABLE IF EXISTS `auth_user`;
/*!40101 SET @saved_cs_client     = @@character_set_client */;
 SET character_set_client = utf8mb4 ;
CREATE TABLE `auth_user` (
  `id` int(11) NOT NULL AUTO_INCREMENT,
  `password` varchar(128) NOT NULL,
  `last_login` datetime(6) DEFAULT NULL,
  `is_superuser` tinyint(1) NOT NULL,
  `username` varchar(150) NOT NULL,
  `first_name` varchar(30) NOT NULL,
  `last_name` varchar(150) NOT NULL,
  `email` varchar(254) NOT NULL,
  `is_staff` tinyint(1) NOT NULL,
  `is_active` tinyint(1) NOT NULL,
  `date_joined` datetime(6) NOT NULL,
  PRIMARY KEY (`id`),
  UNIQUE KEY `username` (`username`)
) ENGINE=InnoDB AUTO_INCREMENT=3 DEFAULT CHARSET=utf8;
/*!40101 SET character_set_client = @saved_cs_client */;

--
-- Dumping data for table `auth_user`
--

LOCK TABLES `auth_user` WRITE;
/*!40000 ALTER TABLE `auth_user` DISABLE KEYS */;
INSERT INTO `auth_user` VALUES (1,'pbkdf2_sha256$120000$yeSwJxyKMVnk$vgEciF7Ivfm9rGCqbJeqtDO+AdDASn7t19BtjR4rfvw=','2019-02-28 04:53:39.320610',1,'admin','','','',1,1,'2019-02-01 05:39:20.912413'),(2,'pbkdf2_sha256$120000$LpLeGmhtdzlf$/scJpr6vm519M4enccgAYJUrD9UPRaigOLo21/5f8Pc=','2019-03-03 16:21:42.117894',0,'politeh','','','',0,1,'2019-02-08 04:47:00.000000');
/*!40000 ALTER TABLE `auth_user` ENABLE KEYS */;
UNLOCK TABLES;

--
-- Table structure for table `auth_user_groups`
--

DROP TABLE IF EXISTS `auth_user_groups`;
/*!40101 SET @saved_cs_client     = @@character_set_client */;
 SET character_set_client = utf8mb4 ;
CREATE TABLE `auth_user_groups` (
  `id` int(11) NOT NULL AUTO_INCREMENT,
  `user_id` int(11) NOT NULL,
  `group_id` int(11) NOT NULL,
  PRIMARY KEY (`id`),
  UNIQUE KEY `auth_user_groups_user_id_group_id_94350c0c_uniq` (`user_id`,`group_id`),
  KEY `auth_user_groups_group_id_97559544_fk_auth_group_id` (`group_id`),
  CONSTRAINT `auth_user_groups_group_id_97559544_fk_auth_group_id` FOREIGN KEY (`group_id`) REFERENCES `auth_group` (`id`),
  CONSTRAINT `auth_user_groups_user_id_6a12ed8b_fk_auth_user_id` FOREIGN KEY (`user_id`) REFERENCES `auth_user` (`id`)
) ENGINE=InnoDB DEFAULT CHARSET=utf8;
/*!40101 SET character_set_client = @saved_cs_client */;

--
-- Dumping data for table `auth_user_groups`
--

LOCK TABLES `auth_user_groups` WRITE;
/*!40000 ALTER TABLE `auth_user_groups` DISABLE KEYS */;
/*!40000 ALTER TABLE `auth_user_groups` ENABLE KEYS */;
UNLOCK TABLES;

--
-- Table structure for table `auth_user_user_permissions`
--

DROP TABLE IF EXISTS `auth_user_user_permissions`;
/*!40101 SET @saved_cs_client     = @@character_set_client */;
 SET character_set_client = utf8mb4 ;
CREATE TABLE `auth_user_user_permissions` (
  `id` int(11) NOT NULL AUTO_INCREMENT,
  `user_id` int(11) NOT NULL,
  `permission_id` int(11) NOT NULL,
  PRIMARY KEY (`id`),
  UNIQUE KEY `auth_user_user_permissions_user_id_permission_id_14a6b632_uniq` (`user_id`,`permission_id`),
  KEY `auth_user_user_permi_permission_id_1fbb5f2c_fk_auth_perm` (`permission_id`),
  CONSTRAINT `auth_user_user_permi_permission_id_1fbb5f2c_fk_auth_perm` FOREIGN KEY (`permission_id`) REFERENCES `auth_permission` (`id`),
  CONSTRAINT `auth_user_user_permissions_user_id_a95ead1b_fk_auth_user_id` FOREIGN KEY (`user_id`) REFERENCES `auth_user` (`id`)
) ENGINE=InnoDB DEFAULT CHARSET=utf8;
/*!40101 SET character_set_client = @saved_cs_client */;

--
-- Dumping data for table `auth_user_user_permissions`
--

LOCK TABLES `auth_user_user_permissions` WRITE;
/*!40000 ALTER TABLE `auth_user_user_permissions` DISABLE KEYS */;
/*!40000 ALTER TABLE `auth_user_user_permissions` ENABLE KEYS */;
UNLOCK TABLES;

--
-- Table structure for table `django_admin_log`
--

DROP TABLE IF EXISTS `django_admin_log`;
/*!40101 SET @saved_cs_client     = @@character_set_client */;
 SET character_set_client = utf8mb4 ;
CREATE TABLE `django_admin_log` (
  `id` int(11) NOT NULL AUTO_INCREMENT,
  `action_time` datetime(6) NOT NULL,
  `object_id` longtext,
  `object_repr` varchar(200) NOT NULL,
  `action_flag` smallint(5) unsigned NOT NULL,
  `change_message` longtext NOT NULL,
  `content_type_id` int(11) DEFAULT NULL,
  `user_id` int(11) NOT NULL,
  PRIMARY KEY (`id`),
  KEY `django_admin_log_content_type_id_c4bce8eb_fk_django_co` (`content_type_id`),
  KEY `django_admin_log_user_id_c564eba6_fk_auth_user_id` (`user_id`),
  CONSTRAINT `django_admin_log_content_type_id_c4bce8eb_fk_django_co` FOREIGN KEY (`content_type_id`) REFERENCES `django_content_type` (`id`),
  CONSTRAINT `django_admin_log_user_id_c564eba6_fk_auth_user_id` FOREIGN KEY (`user_id`) REFERENCES `auth_user` (`id`)
) ENGINE=InnoDB AUTO_INCREMENT=736 DEFAULT CHARSET=utf8;
/*!40101 SET character_set_client = @saved_cs_client */;

--
-- Dumping data for table `django_admin_log`
--

LOCK TABLES `django_admin_log` WRITE;
/*!40000 ALTER TABLE `django_admin_log` DISABLE KEYS */;
INSERT INTO `django_admin_log` VALUES (1,'2019-02-01 05:45:54.399559','1','ФИТ',1,'[{\"added\": {}}]',2,1),(2,'2019-02-01 05:46:04.061968','2','ФТМ',1,'[{\"added\": {}}]',2,1),(3,'2019-02-01 05:48:35.519141','3','ТФ',1,'[{\"added\": {}}]',2,1),(4,'2019-02-01 05:48:39.150840','4','ИЭФ',1,'[{\"added\": {}}]',2,1),(5,'2019-02-01 05:48:45.340154','5','ИГДиГТ',1,'[{\"added\": {}}]',2,1),(6,'2019-02-01 05:48:48.704825','6','ИСОП',1,'[{\"added\": {}}]',2,1),(7,'2019-02-01 05:48:51.607891','7','КГТИ',1,'[{\"added\": {}}]',2,1),(8,'2019-02-01 05:48:57.149983','8','ЭФ',1,'[{\"added\": {}}]',2,1),(9,'2019-02-01 05:49:07.102741','9','ИЭТ',1,'[{\"added\": {}}]',2,1),(10,'2019-02-01 05:49:11.865047','10','ВШМ',1,'[{\"added\": {}}]',2,1),(11,'2019-02-01 05:51:29.088794','1','Прикладная математика и информатика',1,'[{\"added\": {}}]',1,1),(12,'2019-02-01 05:51:56.760895','2','Информационные технологии',1,'[{\"added\": {}}]',1,1),(13,'2019-02-01 05:52:05.789006','3','Электроэнергетика',1,'[{\"added\": {}}]',1,1),(14,'2019-02-01 05:52:22.677065','4','Графический дизайн',1,'[{\"added\": {}}]',1,1),(15,'2019-02-01 05:52:30.394338','5','Дизайн среды',1,'[{\"added\": {}}]',1,1),(16,'2019-02-01 05:52:37.492989','6','Дизайн одежды',1,'[{\"added\": {}}]',1,1),(17,'2019-02-01 05:52:49.864713','7','Художественное проектирование костюма',1,'[{\"added\": {}}]',1,1),(18,'2019-02-01 05:58:04.875621','8','Экономика и управление на предприятии (электроэнергетика)',1,'[{\"added\": {}}]',1,1),(19,'2019-02-01 05:58:29.060821','9','Экономика и управление на предприятии (электроэнергетика)',1,'[{\"added\": {}}]',1,1),(20,'2019-02-01 05:58:48.844222','10','Экономика и управление на предприятии (пищевой и перерабатывающей промышленности)',1,'[{\"added\": {}}]',1,1),(21,'2019-02-01 05:58:57.140903','11','Финансы и кредит',1,'[{\"added\": {}}]',1,1),(22,'2019-02-01 05:59:08.004437','12','Экономика предприятия (по горнодобывающей отрасли)',1,'[{\"added\": {}}]',1,1),(23,'2019-02-01 05:59:18.073585','13','Производственный менеджмент',1,'[{\"added\": {}}]',1,1),(24,'2019-02-01 05:59:26.591481','14','Коммерция в рекламном бизнесе',1,'[{\"added\": {}}]',1,1),(25,'2019-02-01 05:59:33.970761','15','Электронный бизнес',1,'[{\"added\": {}}]',1,1),(26,'2019-02-01 05:59:45.271329','16','Транспортная логистика',1,'[{\"added\": {}}]',1,1),(27,'2019-02-01 06:00:22.698677','17','Закупочная логистика',1,'[{\"added\": {}}]',1,1),(28,'2019-02-01 06:00:31.832513','18','Управление персоналом',1,'[{\"added\": {}}]',1,1),(29,'2019-02-01 06:00:38.405121','19','Безопасность автоматизированных систем',1,'[{\"added\": {}}]',1,1),(30,'2019-02-01 06:00:52.980686','20','Геологическая съемка, поиски и разведки МПИ',1,'[{\"added\": {}}]',1,1),(31,'2019-02-01 06:01:06.223433','21','Геология нефти и газа',1,'[{\"added\": {}}]',1,1),(32,'2019-02-01 06:01:15.485941','22','Поиски и разведки подземных вод и инженерно-геологические изыскания',1,'[{\"added\": {}}]',1,1),(33,'2019-02-01 06:01:50.182189','23','Прикладная геохимия, минералогия и петрология',1,'[{\"added\": {}}]',1,1),(34,'2019-02-01 06:02:02.018891','24','Рудничная геология',1,'[{\"added\": {}}]',1,1),(35,'2019-02-01 06:02:17.538656','25','Геофизические методы поисков и разведки месторождений полезных ископаемых',1,'[{\"added\": {}}]',1,1),(36,'2019-02-01 06:02:26.752531','26','Нефтегазовая геофизика',1,'[{\"added\": {}}]',1,1),(37,'2019-02-01 06:02:38.509405','27','Бурение скважин на жидкие и газообразные полезные ископаемые',1,'[{\"added\": {}}]',1,1),(38,'2019-02-01 06:02:48.939307','28','Бурение скважин на жидкие и газообразные полезные ископаемые',1,'[{\"added\": {}}]',1,1),(39,'2019-02-01 06:03:00.937651','29','Геофизические методы исследования скважин',1,'[{\"added\": {}}]',1,1),(40,'2019-02-01 06:03:12.438967','30','Технологическая безопасность и горноспасательное дело',1,'[{\"added\": {}}]',1,1),(41,'2019-02-01 06:03:22.655465','31','Подземная разработка месторождений полезных ископаемых',1,'[{\"added\": {}}]',1,1),(42,'2019-02-01 06:03:32.960734','32','Маркшейдерское дело',1,'[{\"added\": {}}]',1,1),(43,'2019-02-01 06:03:40.859970','33','Взрывное дело',1,'[{\"added\": {}}]',1,1),(44,'2019-02-01 06:03:48.930008','34','Шахтное подземное строительство',1,'[{\"added\": {}}]',1,1),(45,'2019-02-01 06:03:57.003646','35','Открытые горные работы',1,'[{\"added\": {}}]',1,1),(46,'2019-02-01 06:04:05.786148','36','Горнопромышленная экология',1,'[{\"added\": {}}]',1,1),(47,'2019-02-01 06:04:19.638253','37','Обогащение полезных ископаемых',1,'[{\"added\": {}}]',1,1),(48,'2019-02-01 06:04:27.491128','38','Бурение нефтяных и газовых скважин',1,'[{\"added\": {}}]',1,1),(49,'2019-02-01 06:04:39.254640','39','Разработка и эксплуатация нефтяных и газовых скважин',1,'[{\"added\": {}}]',1,1),(50,'2019-02-01 06:04:48.705671','40','Тепловые электрические станции',1,'[{\"added\": {}}]',1,1),(51,'2019-02-01 06:04:59.144543','41','Электромеханика',1,'[{\"added\": {}}]',1,1),(52,'2019-02-01 06:05:06.618750','42','Менеджмент в электроэнергетике',1,'[{\"added\": {}}]',1,1),(53,'2019-02-01 06:05:16.509414','43','Альтернативные источники энергии',1,'[{\"added\": {}}]',1,1),(54,'2019-02-01 06:05:25.023448','44','Гидроэлектроэнергетика',1,'[{\"added\": {}}]',1,1),(55,'2019-02-01 06:05:32.796491','45','Релейная защита и автоматизация ЭЭС',1,'[{\"added\": {}}]',1,1),(56,'2019-02-01 06:05:39.784748','46','Электрические станции',1,'[{\"added\": {}}]',1,1),(57,'2019-02-01 06:05:47.885585','47','Электроэнергетические системы и сети',1,'[{\"added\": {}}]',1,1),(58,'2019-02-01 06:06:06.818240','48','Электроснабжение (по отраслям)',1,'[{\"added\": {}}]',1,1),(59,'2019-02-01 06:06:14.224270','49','Энергосбережение в электроэнергетике',1,'[{\"added\": {}}]',1,1),(60,'2019-02-01 06:06:20.581293','50','Электрические машины и аппараты',1,'[{\"added\": {}}]',1,1),(61,'2019-02-01 06:06:26.602275','51','Электромеханика горной промышленности',1,'[{\"added\": {}}]',1,1),(62,'2019-02-01 06:06:38.597580','52','Материаловедение и технология материалов',1,'[{\"added\": {}}]',1,1),(63,'2019-02-01 06:06:44.642986','53','Металлургия цветных металлов',1,'[{\"added\": {}}]',1,1),(64,'2019-02-01 06:06:52.307040','54','Технология машиностроения',1,'[{\"added\": {}}]',1,1),(65,'2019-02-01 06:07:00.364263','55','Машины и аппараты пищевых производств',1,'[{\"added\": {}}]',1,1),(66,'2019-02-01 06:07:06.622073','56','Пищевая инженерия малых предприятий',1,'[{\"added\": {}}]',1,1),(67,'2019-02-01 06:07:19.022829','57','Пищевая инженерия',1,'[{\"added\": {}}]',1,1),(68,'2019-02-01 06:07:25.862422','58','Горные машины и оборудование',1,'[{\"added\": {}}]',1,1),(69,'2019-02-01 06:08:40.438261','59','Компьютерное моделирование в технике',1,'[{\"added\": {}}]',1,1),(70,'2019-02-01 06:08:49.183704','60','Автомобильный сервис',1,'[{\"added\": {}}]',1,1),(71,'2019-02-01 06:08:56.168931','61','Автомобили и автомобильное хозяйство',1,'[{\"added\": {}}]',1,1),(72,'2019-02-01 06:09:05.092803','62','Эксплуатация транспортно-технологических машин наземного обеспечения воздушного транспорта',1,'[{\"added\": {}}]',1,1),(73,'2019-02-01 06:09:13.900245','63','Организация и безопасность движения',1,'[{\"added\": {}}]',1,1),(74,'2019-02-01 06:09:20.614081','64','Организация перевозок и управление на транспорте',1,'[{\"added\": {}}]',1,1),(75,'2019-02-01 06:09:26.684484','65','Транспортная логистика',1,'[{\"added\": {}}]',1,1),(76,'2019-02-01 06:09:34.750165','66','Таможенное дело на транспорте',1,'[{\"added\": {}}]',1,1),(77,'2019-02-01 06:09:42.658784','67','Биомедицинская инженерия',1,'[{\"added\": {}}]',1,1),(78,'2019-02-01 06:09:51.271026','68','Медицинская информатика',1,'[{\"added\": {}}]',1,1),(79,'2019-02-01 06:10:01.373462','69','Радиотехника',1,'[{\"added\": {}}]',1,1),(80,'2019-02-01 06:10:12.559165','70','Сети связи и системы коммутации',1,'[{\"added\": {}}]',1,1),(81,'2019-02-01 06:10:24.188329','71','Инфокоммуникационные технологии в сервисах и услугах связи',1,'[{\"added\": {}}]',1,1),(82,'2019-02-01 06:10:36.836056','72','Системы мобильной связи и радиодоступа',1,'[{\"added\": {}}]',1,1),(83,'2019-02-01 06:10:57.999432','73','Цифровое телевизионное и звуковое вещание',1,'[{\"added\": {}}]',1,1),(84,'2019-02-01 06:11:08.373512','74','Программно-защищенные инфокоммуникации',1,'[{\"added\": {}}]',1,1),(85,'2019-02-01 06:11:16.753568','75','Информационная безопасность в телекоммуникациях',1,'[{\"added\": {}}]',1,1),(86,'2019-02-01 06:11:36.710147','76','Телематика услуг',1,'[{\"added\": {}}]',1,1),(87,'2019-02-01 06:11:44.114341','77','Нанотелематика',1,'[{\"added\": {}}]',1,1),(88,'2019-02-01 06:11:50.588172','78','Информатика в здравоохранении',1,'[{\"added\": {}}]',1,1),(89,'2019-02-01 06:11:58.648016','79','Управление в технических системах',1,'[{\"added\": {}}]',1,1),(90,'2019-02-01 06:12:08.468508','80','Автоматизация технологических процессов и производств',1,'[{\"added\": {}}]',1,1),(91,'2019-02-01 06:12:19.466967','81','Управление качеством продукции и системы менеджмента предприятий',1,'[{\"added\": {}}]',1,1),(92,'2019-02-01 06:12:31.126611','82','Мехатроника',1,'[{\"added\": {}}]',1,1),(93,'2019-02-01 06:12:47.284219','83','Стандартизация и сертификация продукции и производств',1,'[{\"added\": {}}]',1,1),(94,'2019-02-01 06:12:56.403900','84','Стандартизация и сертификация пищевых продуктов',1,'[{\"added\": {}}]',1,1),(95,'2019-02-01 06:13:13.134096','85','Вычислительные машины, комплексы, системы и сети',1,'[{\"added\": {}}]',1,1),(96,'2019-02-01 06:13:24.380975','86','Автоматизированные системы обработки информации и управления',1,'[{\"added\": {}}]',1,1),(97,'2019-02-01 06:13:36.551273','87','Информационные системы и технологии в экономике',1,'[{\"added\": {}}]',1,1),(98,'2019-02-01 06:13:45.785947','88','Информационные системы и технологии в медиаиндустрии',1,'[{\"added\": {}}]',1,1),(99,'2019-02-01 06:14:21.577580','89','Информационные системы и технологии в телекоммуникациях',1,'[{\"added\": {}}]',1,1),(100,'2019-02-01 06:14:30.834225','90','Информационные системы и технологии в горном деле',1,'[{\"added\": {}}]',1,1),(101,'2019-02-01 06:14:38.960245','91','Технология разработки программного обеспечения',1,'[{\"added\": {}}]',1,1),(102,'2019-02-01 06:14:51.493930','92','Интернет технологии и управление',1,'[{\"added\": {}}]',1,1),(103,'2019-02-01 06:15:03.191223','93','Пищевая биотехнология',1,'[{\"added\": {}}]',1,1),(104,'2019-02-01 06:15:12.329236','94','Технология бродильных производств и виноделие',1,'[{\"added\": {}}]',1,1),(105,'2019-02-01 06:15:18.714842','95','Технология консервов и пищеконцентратов',1,'[{\"added\": {}}]',1,1),(106,'2019-02-01 06:15:26.364076','96','Технология хлеба, кондитерских и макаронных изделий',1,'[{\"added\": {}}]',1,1),(107,'2019-02-01 06:15:34.741538','97','Безопасность и качество пищевых производств',1,'[{\"added\": {}}]',1,1),(108,'2019-02-01 06:15:42.234211','98','Технология мяса и мясных продуктов',1,'[{\"added\": {}}]',1,1),(109,'2019-02-01 06:15:49.650674','99','Технология молока и молочных продуктов',1,'[{\"added\": {}}]',1,1),(110,'2019-02-01 06:15:57.696931','100','Технология продукции и организация обслуживания в ресторанах и гостиничных комплексах',1,'[{\"added\": {}}]',1,1),(111,'2019-02-01 06:16:04.780361','101','Технология производства продукции и организация общественного питания',1,'[{\"added\": {}}]',1,1),(112,'2019-02-01 06:16:13.660433','102','Технология полиграфического производства',1,'[{\"added\": {}}]',1,1),(113,'2019-02-01 06:16:19.524035','103','Технология швейных изделий',1,'[{\"added\": {}}]',1,1),(114,'2019-02-01 06:16:24.401827','104','Конструирование швейных изделий',1,'[{\"added\": {}}]',1,1),(115,'2019-02-01 06:16:42.241767','105','Технология текстиля и кожи',1,'[{\"added\": {}}]',1,1),(116,'2019-02-01 06:16:54.039726','106','Безопасность технологических процессов и производств',1,'[{\"added\": {}}]',1,1),(117,'2019-02-01 06:17:01.267746','107','Промышленная безопасность',1,'[{\"added\": {}}]',1,1),(118,'2019-02-01 06:17:09.822403','108','Защита в чрезвычайных ситуациях',1,'[{\"added\": {}}]',1,1),(119,'2019-02-01 06:17:18.214451','109','Охрана окружающей среды и рациональное использование природных ресурсов',1,'[{\"added\": {}}]',1,1),(120,'2019-02-01 06:17:25.983511','110','Инженерная защита окружающей среды',1,'[{\"added\": {}}]',1,1),(121,'2019-02-01 06:17:36.677992','111','Математическое моделирование',1,'[{\"added\": {}}]',1,1),(122,'2019-02-01 06:17:42.406578','112','Информационные технологии',1,'[{\"added\": {}}]',1,1),(123,'2019-02-01 06:17:49.508803','113','Дизайн одежды',1,'[{\"added\": {}}]',1,1),(124,'2019-02-01 06:18:01.040341','114','Производственный менеджмент',1,'[{\"added\": {}}]',1,1),(125,'2019-02-01 06:18:11.466199','115','Транспортная логистика',1,'[{\"added\": {}}]',1,1),(126,'2019-02-01 06:18:21.698843','116','Закупочная логистика',1,'[{\"added\": {}}]',1,1),(127,'2019-02-01 06:18:41.361358','117','Безопасность автоматизированных систем',1,'[{\"added\": {}}]',1,1),(128,'2019-02-01 06:18:49.217966','118','Геологическая съемка, поиски и разведки МПИ',1,'[{\"added\": {}}]',1,1),(129,'2019-02-01 06:18:57.643426','119','Геология нефти и газа',1,'[{\"added\": {}}]',1,1),(130,'2019-02-01 06:19:05.720900','120','Поиски и разведки подземных вод и инженерно-геологические изыскания',1,'[{\"added\": {}}]',1,1),(131,'2019-02-01 06:19:19.185604','121','Прикладная геохимия, минералогия и петрология',1,'[{\"added\": {}}]',1,1),(132,'2019-02-01 06:19:33.557214','122','Рудничная геология',1,'[{\"added\": {}}]',1,1),(133,'2019-02-01 06:19:50.744005','123','Геофизические методы поисков и разведки месторождений полезных ископаемых',1,'[{\"added\": {}}]',1,1),(134,'2019-02-01 06:19:59.631659','124','Нефтегазовая геофизика',1,'[{\"added\": {}}]',1,1),(135,'2019-02-01 06:20:09.517883','125','Бурение скважин на жидкие и газообразные полезные ископаемые',1,'[{\"added\": {}}]',1,1),(136,'2019-02-01 06:20:18.305725','126','Технология и техника разведки месторождений полезных ископаемых',1,'[{\"added\": {}}]',1,1),(137,'2019-02-01 06:20:25.326743','127','Геофизические методы исследования скважин',1,'[{\"added\": {}}]',1,1),(138,'2019-02-01 06:20:35.992623','128','Технологическая безопасность и горноспасательное дело',1,'[{\"added\": {}}]',1,1),(139,'2019-02-01 06:20:53.583546','129','Подземная разработка месторождений полезных ископаемых',1,'[{\"added\": {}}]',1,1),(140,'2019-02-01 06:21:02.393191','130','Маркшейдерское дело',1,'[{\"added\": {}}]',1,1),(141,'2019-02-01 06:21:11.748877','131','Взрывное дело',1,'[{\"added\": {}}]',1,1),(142,'2019-02-01 06:21:19.543132','132','Шахтное подземное строительство',1,'[{\"added\": {}}]',1,1),(143,'2019-02-01 06:21:27.245783','133','Открытые горные работы',1,'[{\"added\": {}}]',1,1),(144,'2019-02-01 06:21:35.613856','134','Горнопромышленная экология',1,'[{\"added\": {}}]',1,1),(145,'2019-02-01 06:21:43.271729','135','Обогащение полезных ископаемых',1,'[{\"added\": {}}]',1,1),(146,'2019-02-01 06:21:50.097563','136','Бурение нефтяных и газовых скважин',1,'[{\"added\": {}}]',1,1),(147,'2019-02-01 06:21:56.146563','137','Разработка и эксплуатация нефтяных и газовых скважин',1,'[{\"added\": {}}]',1,1),(148,'2019-02-01 06:22:05.018406','138','Тепловые электрические станции',1,'[{\"added\": {}}]',1,1),(149,'2019-02-01 06:22:12.904869','139','Электромеханика',1,'[{\"added\": {}}]',1,1),(150,'2019-02-01 06:22:19.447665','140','Менеджмент в электроэнергетике',1,'[{\"added\": {}}]',1,1),(151,'2019-02-01 06:22:26.314923','141','Альтернативные источники энергии',1,'[{\"added\": {}}]',1,1),(152,'2019-02-01 06:22:35.233548','142','Гидроэлектроэнергетика',1,'[{\"added\": {}}]',1,1),(153,'2019-02-01 06:22:43.838480','143','Релейная защита и автоматизация ЭЭС',1,'[{\"added\": {}}]',1,1),(154,'2019-02-01 06:23:06.755413','144','Электрические станции',1,'[{\"added\": {}}]',1,1),(155,'2019-02-01 06:23:18.823934','145','Релейная защита и автоматизация ЭЭ',1,'[{\"added\": {}}]',1,1),(156,'2019-02-01 06:23:39.701957','146','Электроэнергетические системы и сети',1,'[{\"added\": {}}]',1,1),(157,'2019-02-01 06:23:45.339952','147','Электроснабжение (по отраслям)',1,'[{\"added\": {}}]',1,1),(158,'2019-02-01 06:23:50.296938','148','Энергосбережение в электроэнергетике',1,'[{\"added\": {}}]',1,1),(159,'2019-02-01 06:23:56.317351','149','Электрические машины и аппараты',1,'[{\"added\": {}}]',1,1),(160,'2019-02-01 06:24:04.337395','150','Электромеханика горной промышленности',1,'[{\"added\": {}}]',1,1),(161,'2019-02-01 06:24:13.976480','151','Материаловедение и технология материалов',1,'[{\"added\": {}}]',1,1),(162,'2019-02-01 06:24:22.414733','152','Металлургия цветных металлов',1,'[{\"added\": {}}]',1,1),(163,'2019-02-01 06:24:28.863352','153','Технология машиностроения',1,'[{\"added\": {}}]',1,1),(164,'2019-02-01 06:24:35.825357','154','Пищевая инженерия малых предприятий',1,'[{\"added\": {}}]',1,1),(165,'2019-02-01 06:24:41.406732','155','Вычислительная инженерия',1,'[{\"added\": {}}]',1,1),(166,'2019-02-01 06:24:47.429903','156','Техническая эксплуатация транспортно-технологических машин и комплексов',1,'[{\"added\": {}}]',1,1),(167,'2019-02-01 06:24:52.831483','157','Сервис и обслуживание транспорта, транспортно-технологических машин и оборудования',1,'[{\"added\": {}}]',1,1),(168,'2019-02-01 06:24:59.680103','158','Организация и безопасность движения',1,'[{\"added\": {}}]',1,1),(169,'2019-02-01 06:25:06.382305','159','Организация перевозок и управление на транспорте',1,'[{\"added\": {}}]',1,1),(170,'2019-02-01 06:25:12.127504','160','Радиотехника',1,'[{\"added\": {}}]',1,1),(171,'2019-02-01 06:25:20.192762','161','Сети связи и системы коммутации',1,'[{\"added\": {}}]',1,1),(172,'2019-02-01 06:25:27.232565','162','Системы мобильной связи и радиодоступа',1,'[{\"added\": {}}]',1,1),(173,'2019-02-01 06:25:35.763009','163','Безопасность и программная защита инфокоммуникаций',1,'[{\"added\": {}}]',1,1),(174,'2019-02-01 06:25:55.097211','164','Телематика услуг',1,'[{\"added\": {}}]',1,1),(175,'2019-02-01 06:26:02.029443','165','Телемедицина',1,'[{\"added\": {}}]',1,1),(176,'2019-02-01 06:26:07.718014','166','Управление в технических системах',1,'[{\"added\": {}}]',1,1),(177,'2019-02-01 06:26:12.781592','167','Автоматизация технологических процессов и производств',1,'[{\"added\": {}}]',1,1),(178,'2019-02-01 06:26:20.318441','168','Мехатроника',1,'[{\"added\": {}}]',1,1),(179,'2019-02-01 06:26:27.309254','169','Стандартизация и сертификация продукции и производств',1,'[{\"added\": {}}]',1,1),(180,'2019-02-01 06:26:35.374895','170','Стандартизация и сертификация пищевых продуктов',1,'[{\"added\": {}}]',1,1),(181,'2019-02-01 06:26:41.967302','171','Компьютерная инженерия',1,'[{\"added\": {}}]',1,1),(182,'2019-02-01 06:26:48.457289','172','Информатика как вторая компетенция',1,'[{\"added\": {}}]',1,1),(183,'2019-02-01 06:26:54.721065','173','Информационные системы и технологии в экономике',1,'[{\"added\": {}}]',1,1),(184,'2019-02-01 06:27:00.608862','174','Информационные системы и технологии в медиаиндустрии',1,'[{\"added\": {}}]',1,1),(185,'2019-02-01 06:27:06.579859','175','Технология разработки программного обеспечения',1,'[{\"added\": {}}]',1,1),(186,'2019-02-01 06:27:12.993445','176','Технология бродильных производств и виноделие',1,'[{\"added\": {}}]',1,1),(187,'2019-02-01 06:27:20.123886','177','Технология консервов и пищеконцентратов',1,'[{\"added\": {}}]',1,1),(188,'2019-02-01 06:27:37.883051','178','Безопасность и качество пищевых продуктов',1,'[{\"added\": {}}]',1,1),(189,'2019-02-01 06:27:44.438619','179','Технология и управление предприятием',1,'[{\"added\": {}}]',1,1),(190,'2019-02-01 06:27:50.648612','180','Разработка продукции',1,'[{\"added\": {}}]',1,1),(191,'2019-02-01 06:27:58.761071','181','Технология функциональных продуктов питания',1,'[{\"added\": {}}]',1,1),(192,'2019-02-01 06:28:05.824091','182','Технология полиграфического производства',1,'[{\"added\": {}}]',1,1),(193,'2019-02-01 06:28:12.588925','183','Технология швейных изделий',1,'[{\"added\": {}}]',1,1),(194,'2019-02-01 06:28:18.235299','184','Конструирование швейных изделий',1,'[{\"added\": {}}]',1,1),(195,'2019-02-01 06:28:27.150343','185','Безопасность технологических процессов и производств',1,'[{\"added\": {}}]',1,1),(196,'2019-02-01 06:28:35.173551','186','Промышленная безопасность',1,'[{\"added\": {}}]',1,1),(197,'2019-02-01 06:28:44.581161','187','Защита в чрезвычайных ситуациях',1,'[{\"added\": {}}]',1,1),(198,'2019-02-01 06:28:56.725635','188','Охрана окружающей среды и рациональное использование природных ресурсов',1,'[{\"added\": {}}]',1,1),(199,'2019-02-01 06:29:03.006261','189','Инженерная защита окружающей среды',1,'[{\"added\": {}}]',1,1),(200,'2019-02-01 06:29:10.293496','190','Безопасность компьютерных систем и сетей',1,'[{\"added\": {}}]',1,1),(201,'2019-02-01 06:29:16.537499','191','Пожарная безопасность',1,'[{\"added\": {}}]',1,1),(202,'2019-02-01 06:29:27.825014','192','Геофизические методы поисков и разведки месторождений полезных ископаемых',1,'[{\"added\": {}}]',1,1),(203,'2019-02-01 06:29:36.811467','193','Нефтегазовая геофизика',1,'[{\"added\": {}}]',1,1),(204,'2019-02-01 06:29:48.588941','194','Бурение скважин на жидкие и газообразные полезные ископаемые',1,'[{\"added\": {}}]',1,1),(205,'2019-02-01 06:30:02.511103','195','Технология и техника разведки месторождений полезных ископаемых',1,'[{\"added\": {}}]',1,1),(206,'2019-02-01 06:30:11.898811','196','Геофизические методы исследования скважин',1,'[{\"added\": {}}]',1,1),(207,'2019-02-01 06:30:20.027513','197','Технологическая безопасность и горноспасательное дело',1,'[{\"added\": {}}]',1,1),(208,'2019-02-01 06:30:27.127341','198','Подземная разработка месторождений полезных ископаемых',1,'[{\"added\": {}}]',1,1),(209,'2019-02-01 06:30:35.374182','199','Маркшейдерское дело',1,'[{\"added\": {}}]',1,1),(210,'2019-02-01 06:30:42.401601','200','Взрывное дело',1,'[{\"added\": {}}]',1,1),(211,'2019-02-01 06:30:49.178436','201','Шахтное подземное строительство',1,'[{\"added\": {}}]',1,1),(212,'2019-02-01 06:30:55.780244','202','Открытые горные работы',1,'[{\"added\": {}}]',1,1),(213,'2019-02-01 06:31:02.044042','203','Горнопромышленная экология',1,'[{\"added\": {}}]',1,1),(214,'2019-02-01 06:31:08.793871','204','Обогащение полезных ископаемых',1,'[{\"added\": {}}]',1,1),(215,'2019-02-01 06:31:16.011689','205','Экономика горного производства',1,'[{\"added\": {}}]',1,1),(216,'2019-02-01 06:31:24.418328','206','Горные машины и оборудования',1,'[{\"added\": {}}]',1,1),(217,'2019-02-01 06:31:34.627165','207','Электрификация и автоматизация горного производства',1,'[{\"added\": {}}]',1,1),(218,'2019-02-01 06:31:42.684203','208','Транспортные системы горного производств',1,'[{\"added\": {}}]',1,1),(219,'2019-02-01 06:31:49.215024','209','Физические процессы нефтегазового производства',1,'[{\"added\": {}}]',1,1),(220,'2019-02-01 06:32:03.948202','210','Прикладная геодезия',1,'[{\"added\": {}}]',1,1),(221,'2019-02-04 09:02:21.085900','10','Экономика и управление на предприятии (пищевой и перерабатывающей промышленности)',3,'',1,1),(222,'2019-02-04 09:02:21.129502','9','Экономика и управление на предприятии (электроэнергетика)',3,'',1,1),(223,'2019-02-04 09:02:21.179302','8','Экономика и управление на предприятии (электроэнергетика)',3,'',1,1),(224,'2019-02-04 09:02:21.214304','7','Художественное проектирование костюма',3,'',1,1),(225,'2019-02-04 09:02:21.297106','6','Дизайн одежды',3,'',1,1),(226,'2019-02-04 09:02:21.328306','5','Дизайн среды',3,'',1,1),(227,'2019-02-04 09:02:21.397508','4','Графический дизайн',3,'',1,1),(228,'2019-02-04 09:02:21.445709','3','Электроэнергетика',3,'',1,1),(229,'2019-02-04 09:02:21.511912','2','Информационные технологии',3,'',1,1),(230,'2019-02-04 09:02:21.552513','1','Прикладная математика и информатика',3,'',1,1),(231,'2019-02-04 09:02:32.133859','210','Прикладная геодезия',3,'',1,1),(232,'2019-02-04 09:02:32.196461','209','Физические процессы нефтегазового производства',3,'',1,1),(233,'2019-02-04 09:02:32.249262','208','Транспортные системы горного производств',3,'',1,1),(234,'2019-02-04 09:02:32.310265','207','Электрификация и автоматизация горного производства',3,'',1,1),(235,'2019-02-04 09:02:32.368269','206','Горные машины и оборудования',3,'',1,1),(236,'2019-02-04 09:02:32.418470','205','Экономика горного производства',3,'',1,1),(237,'2019-02-04 09:02:32.463072','204','Обогащение полезных ископаемых',3,'',1,1),(238,'2019-02-04 09:02:32.510872','203','Горнопромышленная экология',3,'',1,1),(239,'2019-02-04 09:02:32.558874','202','Открытые горные работы',3,'',1,1),(240,'2019-02-04 09:02:32.601877','201','Шахтное подземное строительство',3,'',1,1),(241,'2019-02-04 09:02:32.646479','200','Взрывное дело',3,'',1,1),(242,'2019-02-04 09:02:32.693279','199','Маркшейдерское дело',3,'',1,1),(243,'2019-02-04 09:02:32.745881','198','Подземная разработка месторождений полезных ископаемых',3,'',1,1),(244,'2019-02-04 09:02:32.794082','197','Технологическая безопасность и горноспасательное дело',3,'',1,1),(245,'2019-02-04 09:02:32.845283','196','Геофизические методы исследования скважин',3,'',1,1),(246,'2019-02-04 09:02:32.896885','195','Технология и техника разведки месторождений полезных ископаемых',3,'',1,1),(247,'2019-02-04 09:02:32.943685','194','Бурение скважин на жидкие и газообразные полезные ископаемые',3,'',1,1),(248,'2019-02-04 09:02:33.013288','193','Нефтегазовая геофизика',3,'',1,1),(249,'2019-02-04 09:02:33.061890','192','Геофизические методы поисков и разведки месторождений полезных ископаемых',3,'',1,1),(250,'2019-02-04 09:02:33.095491','191','Пожарная безопасность',3,'',1,1),(251,'2019-02-04 09:02:33.162892','190','Безопасность компьютерных систем и сетей',3,'',1,1),(252,'2019-02-04 09:02:33.209093','189','Инженерная защита окружающей среды',3,'',1,1),(253,'2019-02-04 09:02:33.261294','188','Охрана окружающей среды и рациональное использование природных ресурсов',3,'',1,1),(254,'2019-02-04 09:02:33.313495','187','Защита в чрезвычайных ситуациях',3,'',1,1),(255,'2019-02-04 09:02:33.361696','186','Промышленная безопасность',3,'',1,1),(256,'2019-02-04 09:02:33.420299','185','Безопасность технологических процессов и производств',3,'',1,1),(257,'2019-02-04 09:02:33.484302','184','Конструирование швейных изделий',3,'',1,1),(258,'2019-02-04 09:02:33.528503','183','Технология швейных изделий',3,'',1,1),(259,'2019-02-04 09:02:33.584705','182','Технология полиграфического производства',3,'',1,1),(260,'2019-02-04 09:02:33.696310','181','Технология функциональных продуктов питания',3,'',1,1),(261,'2019-02-04 09:02:33.762111','180','Разработка продукции',3,'',1,1),(262,'2019-02-04 09:02:33.811312','179','Технология и управление предприятием',3,'',1,1),(263,'2019-02-04 09:02:33.859513','178','Безопасность и качество пищевых продуктов',3,'',1,1),(264,'2019-02-04 09:02:33.911715','177','Технология консервов и пищеконцентратов',3,'',1,1),(265,'2019-02-04 09:02:33.962317','176','Технология бродильных производств и виноделие',3,'',1,1),(266,'2019-02-04 09:02:34.017518','175','Технология разработки программного обеспечения',3,'',1,1),(267,'2019-02-04 09:02:34.078720','174','Информационные системы и технологии в медиаиндустрии',3,'',1,1),(268,'2019-02-04 09:02:34.133921','173','Информационные системы и технологии в экономике',3,'',1,1),(269,'2019-02-04 09:02:34.193722','172','Информатика как вторая компетенция',3,'',1,1),(270,'2019-02-04 09:02:34.234324','171','Компьютерная инженерия',3,'',1,1),(271,'2019-02-04 09:02:34.296124','170','Стандартизация и сертификация пищевых продуктов',3,'',1,1),(272,'2019-02-04 09:02:34.361326','169','Стандартизация и сертификация продукции и производств',3,'',1,1),(273,'2019-02-04 09:02:34.412528','168','Мехатроника',3,'',1,1),(274,'2019-02-04 09:02:34.461729','167','Автоматизация технологических процессов и производств',3,'',1,1),(275,'2019-02-04 09:02:34.509331','166','Управление в технических системах',3,'',1,1),(276,'2019-02-04 09:02:34.560131','165','Телемедицина',3,'',1,1),(277,'2019-02-04 09:02:34.609733','164','Телематика услуг',3,'',1,1),(278,'2019-02-04 09:02:34.662736','163','Безопасность и программная защита инфокоммуникаций',3,'',1,1),(279,'2019-02-04 09:02:34.712338','162','Системы мобильной связи и радиодоступа',3,'',1,1),(280,'2019-02-04 09:02:34.759138','161','Сети связи и системы коммутации',3,'',1,1),(281,'2019-02-04 09:02:34.819939','160','Радиотехника',3,'',1,1),(282,'2019-02-04 09:02:34.858941','159','Организация перевозок и управление на транспорте',3,'',1,1),(283,'2019-02-04 09:02:34.920143','158','Организация и безопасность движения',3,'',1,1),(284,'2019-02-04 09:02:34.976944','157','Сервис и обслуживание транспорта, транспортно-технологических машин и оборудования',3,'',1,1),(285,'2019-02-04 09:02:35.030546','156','Техническая эксплуатация транспортно-технологических машин и комплексов',3,'',1,1),(286,'2019-02-04 09:02:35.080346','155','Вычислительная инженерия',3,'',1,1),(287,'2019-02-04 09:02:35.130349','154','Пищевая инженерия малых предприятий',3,'',1,1),(288,'2019-02-04 09:02:35.186550','153','Технология машиностроения',3,'',1,1),(289,'2019-02-04 09:02:35.261951','152','Металлургия цветных металлов',3,'',1,1),(290,'2019-02-04 09:02:35.296953','151','Материаловедение и технология материалов',3,'',1,1),(291,'2019-02-04 09:02:35.343753','150','Электромеханика горной промышленности',3,'',1,1),(292,'2019-02-04 09:02:35.392355','149','Электрические машины и аппараты',3,'',1,1),(293,'2019-02-04 09:02:35.452156','148','Энергосбережение в электроэнергетике',3,'',1,1),(294,'2019-02-04 09:02:35.497159','147','Электроснабжение (по отраслям)',3,'',1,1),(295,'2019-02-04 09:02:35.551959','146','Электроэнергетические системы и сети',3,'',1,1),(296,'2019-02-04 09:02:35.596962','145','Релейная защита и автоматизация ЭЭ',3,'',1,1),(297,'2019-02-04 09:02:35.679764','144','Электрические станции',3,'',1,1),(298,'2019-02-04 09:02:35.835570','143','Релейная защита и автоматизация ЭЭС',3,'',1,1),(299,'2019-02-04 09:02:35.879172','142','Гидроэлектроэнергетика',3,'',1,1),(300,'2019-02-04 09:02:35.930774','141','Альтернативные источники энергии',3,'',1,1),(301,'2019-02-04 09:02:35.977574','140','Менеджмент в электроэнергетике',3,'',1,1),(302,'2019-02-04 09:02:36.021176','139','Электромеханика',3,'',1,1),(303,'2019-02-04 09:02:36.112181','138','Тепловые электрические станции',3,'',1,1),(304,'2019-02-04 09:02:36.179982','137','Разработка и эксплуатация нефтяных и газовых скважин',3,'',1,1),(305,'2019-02-04 09:02:36.229584','136','Бурение нефтяных и газовых скважин',3,'',1,1),(306,'2019-02-04 09:02:36.292187','135','Обогащение полезных ископаемых',3,'',1,1),(307,'2019-02-04 09:02:36.345987','134','Горнопромышленная экология',3,'',1,1),(308,'2019-02-04 09:02:36.396990','133','Открытые горные работы',3,'',1,1),(309,'2019-02-04 09:02:36.463593','132','Шахтное подземное строительство',3,'',1,1),(310,'2019-02-04 09:02:36.510393','131','Взрывное дело',3,'',1,1),(311,'2019-02-04 09:02:36.549995','130','Маркшейдерское дело',3,'',1,1),(312,'2019-02-04 09:02:36.612796','129','Подземная разработка месторождений полезных ископаемых',3,'',1,1),(313,'2019-02-04 09:02:36.669799','128','Технологическая безопасность и горноспасательное дело',3,'',1,1),(314,'2019-02-04 09:02:36.730802','127','Геофизические методы исследования скважин',3,'',1,1),(315,'2019-02-04 09:02:36.762002','126','Технология и техника разведки месторождений полезных ископаемых',3,'',1,1),(316,'2019-02-04 09:02:36.808203','125','Бурение скважин на жидкие и газообразные полезные ископаемые',3,'',1,1),(317,'2019-02-04 09:02:36.877005','124','Нефтегазовая геофизика',3,'',1,1),(318,'2019-02-04 09:02:36.916606','123','Геофизические методы поисков и разведки месторождений полезных ископаемых',3,'',1,1),(319,'2019-02-04 09:02:36.986407','122','Рудничная геология',3,'',1,1),(320,'2019-02-04 09:02:37.044609','121','Прикладная геохимия, минералогия и петрология',3,'',1,1),(321,'2019-02-04 09:02:37.099810','120','Поиски и разведки подземных вод и инженерно-геологические изыскания',3,'',1,1),(322,'2019-02-04 09:02:37.145011','119','Геология нефти и газа',3,'',1,1),(323,'2019-02-04 09:02:37.197613','118','Геологическая съемка, поиски и разведки МПИ',3,'',1,1),(324,'2019-02-04 09:02:37.228813','117','Безопасность автоматизированных систем',3,'',1,1),(325,'2019-02-04 09:02:37.284015','116','Закупочная логистика',3,'',1,1),(326,'2019-02-04 09:02:37.325017','115','Транспортная логистика',3,'',1,1),(327,'2019-02-04 09:02:37.378020','114','Производственный менеджмент',3,'',1,1),(328,'2019-02-04 09:02:37.426820','113','Дизайн одежды',3,'',1,1),(329,'2019-02-04 09:02:37.474422','112','Информационные технологии',3,'',1,1),(330,'2019-02-04 09:02:37.545224','111','Математическое моделирование',3,'',1,1),(331,'2019-02-04 09:02:45.647109','110','Инженерная защита окружающей среды',3,'',1,1),(332,'2019-02-04 09:02:45.746912','109','Охрана окружающей среды и рациональное использование природных ресурсов',3,'',1,1),(333,'2019-02-04 09:02:45.808114','108','Защита в чрезвычайных ситуациях',3,'',1,1),(334,'2019-02-04 09:02:45.860914','107','Промышленная безопасность',3,'',1,1),(335,'2019-02-04 09:02:45.913516','106','Безопасность технологических процессов и производств',3,'',1,1),(336,'2019-02-04 09:02:45.966119','105','Технология текстиля и кожи',3,'',1,1),(337,'2019-02-04 09:02:46.014121','104','Конструирование швейных изделий',3,'',1,1),(338,'2019-02-04 09:02:46.054322','103','Технология швейных изделий',3,'',1,1),(339,'2019-02-04 09:02:46.095923','102','Технология полиграфического производства',3,'',1,1),(340,'2019-02-04 09:02:46.146724','101','Технология производства продукции и организация общественного питания',3,'',1,1),(341,'2019-02-04 09:02:46.196727','100','Технология продукции и организация обслуживания в ресторанах и гостиничных комплексах',3,'',1,1),(342,'2019-02-04 09:02:46.237328','99','Технология молока и молочных продуктов',3,'',1,1),(343,'2019-02-04 09:02:46.294530','98','Технология мяса и мясных продуктов',3,'',1,1),(344,'2019-02-04 09:02:46.346132','97','Безопасность и качество пищевых производств',3,'',1,1),(345,'2019-02-04 09:02:46.399734','96','Технология хлеба, кондитерских и макаронных изделий',3,'',1,1),(346,'2019-02-04 09:02:46.457737','95','Технология консервов и пищеконцентратов',3,'',1,1),(347,'2019-02-04 09:02:46.515939','94','Технология бродильных производств и виноделие',3,'',1,1),(348,'2019-02-04 09:02:46.561140','93','Пищевая биотехнология',3,'',1,1),(349,'2019-02-04 09:02:46.612940','92','Интернет технологии и управление',3,'',1,1),(350,'2019-02-04 09:02:46.662141','91','Технология разработки программного обеспечения',3,'',1,1),(351,'2019-02-04 09:02:46.697143','90','Информационные системы и технологии в горном деле',3,'',1,1),(352,'2019-02-04 09:02:46.745344','89','Информационные системы и технологии в телекоммуникациях',3,'',1,1),(353,'2019-02-04 09:02:46.780346','88','Информационные системы и технологии в медиаиндустрии',3,'',1,1),(354,'2019-02-04 09:02:46.829146','87','Информационные системы и технологии в экономике',3,'',1,1),(355,'2019-02-04 09:02:46.876149','86','Автоматизированные системы обработки информации и управления',3,'',1,1),(356,'2019-02-04 09:02:46.929350','85','Вычислительные машины, комплексы, системы и сети',3,'',1,1),(357,'2019-02-04 09:02:46.962951','84','Стандартизация и сертификация пищевых продуктов',3,'',1,1),(358,'2019-02-04 09:02:47.017752','83','Стандартизация и сертификация продукции и производств',3,'',1,1),(359,'2019-02-04 09:02:47.062354','82','Мехатроника',3,'',1,1),(360,'2019-02-04 09:02:47.112154','81','Управление качеством продукции и системы менеджмента предприятий',3,'',1,1),(361,'2019-02-04 09:02:47.147156','80','Автоматизация технологических процессов и производств',3,'',1,1),(362,'2019-02-04 09:02:47.200956','79','Управление в технических системах',3,'',1,1),(363,'2019-02-04 09:02:47.246959','78','Информатика в здравоохранении',3,'',1,1),(364,'2019-02-04 09:02:47.293160','77','Нанотелематика',3,'',1,1),(365,'2019-02-04 09:02:47.329761','76','Телематика услуг',3,'',1,1),(366,'2019-02-04 09:02:47.384562','75','Информационная безопасность в телекоммуникациях',3,'',1,1),(367,'2019-02-04 09:02:47.430564','74','Программно-защищенные инфокоммуникации',3,'',1,1),(368,'2019-02-04 09:02:47.477166','73','Цифровое телевизионное и звуковое вещание',3,'',1,1),(369,'2019-02-04 09:02:47.543967','72','Системы мобильной связи и радиодоступа',3,'',1,1),(370,'2019-02-04 09:02:47.587569','71','Инфокоммуникационные технологии в сервисах и услугах связи',3,'',1,1),(371,'2019-02-04 09:02:47.670574','70','Сети связи и системы коммутации',3,'',1,1),(372,'2019-02-04 09:02:47.711774','69','Радиотехника',3,'',1,1),(373,'2019-02-04 09:02:47.770976','68','Медицинская информатика',3,'',1,1),(374,'2019-02-04 09:02:47.826578','67','Биомедицинская инженерия',3,'',1,1),(375,'2019-02-04 09:02:47.863580','66','Таможенное дело на транспорте',3,'',1,1),(376,'2019-02-04 09:02:47.910381','65','Транспортная логистика',3,'',1,1),(377,'2019-02-04 09:02:47.945982','64','Организация перевозок и управление на транспорте',3,'',1,1),(378,'2019-02-04 09:02:48.012783','63','Организация и безопасность движения',3,'',1,1),(379,'2019-02-04 09:02:48.142790','62','Эксплуатация транспортно-технологических машин наземного обеспечения воздушного транспорта',3,'',1,1),(380,'2019-02-04 09:02:48.194591','61','Автомобили и автомобильное хозяйство',3,'',1,1),(381,'2019-02-04 09:02:48.236593','60','Автомобильный сервис',3,'',1,1),(382,'2019-02-04 09:02:48.286794','59','Компьютерное моделирование в технике',3,'',1,1),(383,'2019-02-04 09:02:48.313796','58','Горные машины и оборудование',3,'',1,1),(384,'2019-02-04 09:02:48.360596','57','Пищевая инженерия',3,'',1,1),(385,'2019-02-04 09:02:48.403197','56','Пищевая инженерия малых предприятий',3,'',1,1),(386,'2019-02-04 09:02:48.445398','55','Машины и аппараты пищевых производств',3,'',1,1),(387,'2019-02-04 09:02:48.487000','54','Технология машиностроения',3,'',1,1),(388,'2019-02-04 09:02:48.529601','53','Металлургия цветных металлов',3,'',1,1),(389,'2019-02-04 09:02:48.579203','52','Материаловедение и технология материалов',3,'',1,1),(390,'2019-02-04 09:02:48.627003','51','Электромеханика горной промышленности',3,'',1,1),(391,'2019-02-04 09:02:48.675605','50','Электрические машины и аппараты',3,'',1,1),(392,'2019-02-04 09:02:48.735406','49','Энергосбережение в электроэнергетике',3,'',1,1),(393,'2019-02-04 09:02:48.778409','48','Электроснабжение (по отраслям)',3,'',1,1),(394,'2019-02-04 09:02:48.834412','47','Электроэнергетические системы и сети',3,'',1,1),(395,'2019-02-04 09:02:48.878613','46','Электрические станции',3,'',1,1),(396,'2019-02-04 09:02:48.928814','45','Релейная защита и автоматизация ЭЭС',3,'',1,1),(397,'2019-02-04 09:02:48.963816','44','Гидроэлектроэнергетика',3,'',1,1),(398,'2019-02-04 09:02:49.012418','43','Альтернативные источники энергии',3,'',1,1),(399,'2019-02-04 09:02:49.047420','42','Менеджмент в электроэнергетике',3,'',1,1),(400,'2019-02-04 09:02:49.095621','41','Электромеханика',3,'',1,1),(401,'2019-02-04 09:02:49.129222','40','Тепловые электрические станции',3,'',1,1),(402,'2019-02-04 09:02:49.160422','39','Разработка и эксплуатация нефтяных и газовых скважин',3,'',1,1),(403,'2019-02-04 09:02:49.229624','38','Бурение нефтяных и газовых скважин',3,'',1,1),(404,'2019-02-04 09:02:49.269825','37','Обогащение полезных ископаемых',3,'',1,1),(405,'2019-02-04 09:02:49.329427','36','Горнопромышленная экология',3,'',1,1),(406,'2019-02-04 09:02:49.370029','35','Открытые горные работы',3,'',1,1),(407,'2019-02-04 09:02:49.426829','34','Шахтное подземное строительство',3,'',1,1),(408,'2019-02-04 09:02:49.462430','33','Взрывное дело',3,'',1,1),(409,'2019-02-04 09:02:49.511631','32','Маркшейдерское дело',3,'',1,1),(410,'2019-02-04 09:02:49.553233','31','Подземная разработка месторождений полезных ископаемых',3,'',1,1),(411,'2019-02-04 09:02:49.612236','30','Технологическая безопасность и горноспасательное дело',3,'',1,1),(412,'2019-02-04 09:02:49.702440','29','Геофизические методы исследования скважин',3,'',1,1),(413,'2019-02-04 09:02:49.746041','28','Бурение скважин на жидкие и газообразные полезные ископаемые',3,'',1,1),(414,'2019-02-04 09:02:49.794842','27','Бурение скважин на жидкие и газообразные полезные ископаемые',3,'',1,1),(415,'2019-02-04 09:02:49.830844','26','Нефтегазовая геофизика',3,'',1,1),(416,'2019-02-04 09:02:49.877644','25','Геофизические методы поисков и разведки месторождений полезных ископаемых',3,'',1,1),(417,'2019-02-04 09:02:49.929246','24','Рудничная геология',3,'',1,1),(418,'2019-02-04 09:02:49.960446','23','Прикладная геохимия, минералогия и петрология',3,'',1,1),(419,'2019-02-04 09:02:50.020048','22','Поиски и разведки подземных вод и инженерно-геологические изыскания',3,'',1,1),(420,'2019-02-04 09:02:50.067650','21','Геология нефти и газа',3,'',1,1),(421,'2019-02-04 09:02:50.113653','20','Геологическая съемка, поиски и разведки МПИ',3,'',1,1),(422,'2019-02-04 09:02:50.175855','19','Безопасность автоматизированных систем',3,'',1,1),(423,'2019-02-04 09:02:50.253256','18','Управление персоналом',3,'',1,1),(424,'2019-02-04 09:02:50.290258','17','Закупочная логистика',3,'',1,1),(425,'2019-02-04 09:02:50.344058','16','Транспортная логистика',3,'',1,1),(426,'2019-02-04 09:02:50.378259','15','Электронный бизнес',3,'',1,1),(427,'2019-02-04 09:02:50.429861','14','Коммерция в рекламном бизнесе',3,'',1,1),(428,'2019-02-04 09:02:50.476661','13','Производственный менеджмент',3,'',1,1),(429,'2019-02-04 09:02:50.562265','12','Экономика предприятия (по горнодобывающей отрасли)',3,'',1,1),(430,'2019-02-04 09:02:50.625268','11','Финансы и кредит',3,'',1,1),(431,'2019-02-04 09:09:38.498670','211','Прикладная математика и информатика',1,'[{\"added\": {}}]',1,1),(432,'2019-02-04 09:09:53.207480','212','Информационные технологии',1,'[{\"added\": {}}]',1,1),(433,'2019-02-04 09:10:11.360752','213','Электроэнергетика',1,'[{\"added\": {}}]',1,1),(434,'2019-02-04 09:10:21.610769','214','Графический дизайн',1,'[{\"added\": {}}]',1,1),(435,'2019-02-04 09:10:30.993343','215','Дизайн среды',1,'[{\"added\": {}}]',1,1),(436,'2019-02-04 09:10:39.786728','216','Дизайн одежды',1,'[{\"added\": {}}]',1,1),(437,'2019-02-04 09:10:53.562325','217','Художественное проектирование костюма',1,'[{\"added\": {}}]',1,1),(438,'2019-02-04 09:11:13.939388','218','Экономика и управление на предприятии (электроэнергетика)',1,'[{\"added\": {}}]',1,1),(439,'2019-02-04 09:11:32.442030','219','Экономика и управление на предприятии (пищевой и перерабатывающей промышленности)',1,'[{\"added\": {}}]',1,1),(440,'2019-02-04 09:11:46.209355','220','Финансы и кредит',1,'[{\"added\": {}}]',1,1),(441,'2019-02-04 09:12:01.248731','221','Экономика предприятия (по горнодобывающей отрасли)',1,'[{\"added\": {}}]',1,1),(442,'2019-02-04 09:12:13.147238','222','Производственный менеджмент',1,'[{\"added\": {}}]',1,1),(443,'2019-02-04 09:12:26.595199','223','Коммерция в рекламном бизнесе',1,'[{\"added\": {}}]',1,1),(444,'2019-02-04 09:12:42.759208','224','Электронный бизнес',1,'[{\"added\": {}}]',1,1),(445,'2019-02-04 09:12:54.376915','225','Транспортная логистика',1,'[{\"added\": {}}]',1,1),(446,'2019-02-04 09:13:03.412784','226','Закупочная логистика',1,'[{\"added\": {}}]',1,1),(447,'2019-02-04 09:13:12.654816','227','Управление персоналом',1,'[{\"added\": {}}]',1,1),(448,'2019-02-04 09:13:21.948282','228','Безопасность автоматизированных систем',1,'[{\"added\": {}}]',1,1),(449,'2019-02-04 09:13:32.992995','229','Геологическая съемка, поиски и разведки МП',1,'[{\"added\": {}}]',1,1),(450,'2019-02-04 09:13:42.355870','230','Геология нефти и газ',1,'[{\"added\": {}}]',1,1),(451,'2019-02-04 09:14:03.336770','231','Поиски и разведки подземных вод и инженерно-геологические изыскания',1,'[{\"added\": {}}]',1,1),(452,'2019-02-04 09:14:14.190054','232','Прикладная геохимия, минералогия и петрология',1,'[{\"added\": {}}]',1,1),(453,'2019-02-04 09:14:23.673953','233','Рудничная геология',1,'[{\"added\": {}}]',1,1),(454,'2019-02-04 09:14:43.375255','234','Геофизические методы поисков и разведки месторождений полезных ископаемых',1,'[{\"added\": {}}]',1,1),(455,'2019-02-04 09:14:53.643966','235','Нефтегазовая геофизика',1,'[{\"added\": {}}]',1,1),(456,'2019-02-04 09:15:36.345946','236','Бурение скважин на жидкие и газообразные полезные ископаемые',1,'[{\"added\": {}}]',1,1),(457,'2019-02-04 09:15:48.641877','237','Технология и техника разведки месторождений полезных ископаемых',1,'[{\"added\": {}}]',1,1),(458,'2019-02-04 09:15:57.723327','238','Геофизические методы исследования скважин',1,'[{\"added\": {}}]',1,1),(459,'2019-02-04 09:16:10.096895','239','Технологическая безопасность и горноспасательное дело',1,'[{\"added\": {}}]',1,1),(460,'2019-02-04 09:16:26.370588','240','Подземная разработка месторождений полезных ископаемых',1,'[{\"added\": {}}]',1,1),(461,'2019-02-04 09:16:35.360054','241','Маркшейдерское дело',1,'[{\"added\": {}}]',1,1),(462,'2019-02-04 09:16:43.754749','242','Взрывное дело',1,'[{\"added\": {}}]',1,1),(463,'2019-02-04 09:16:51.924008','243','Шахтное подземное строительство',1,'[{\"added\": {}}]',1,1),(464,'2019-02-04 09:17:03.325759','244','Открытые горные работы',1,'[{\"added\": {}}]',1,1),(465,'2019-02-04 09:17:13.279646','245','Горнопромышленная экология',1,'[{\"added\": {}}]',1,1),(466,'2019-02-04 09:17:23.034166','246','Обогащение полезных ископаемых',1,'[{\"added\": {}}]',1,1),(467,'2019-02-04 09:17:35.565864','247','Бурение нефтяных и газовых скважин',1,'[{\"added\": {}}]',1,1),(468,'2019-02-04 09:17:43.574313','248','Разработка и эксплуатация нефтяных и газовых скважин',1,'[{\"added\": {}}]',1,1),(469,'2019-02-04 09:17:55.454435','249','Тепловые электрические станции',1,'[{\"added\": {}}]',1,1),(470,'2019-02-04 09:18:09.657341','250','Электромеханика',1,'[{\"added\": {}}]',1,1),(471,'2019-02-04 09:18:20.446832','251','Менеджмент в электроэнергетике',1,'[{\"added\": {}}]',1,1),(472,'2019-02-04 09:18:27.462466','252','Альтернативные источники энергии',1,'[{\"added\": {}}]',1,1),(473,'2019-02-04 09:18:36.136939','253','Гидроэлектроэнергетика',1,'[{\"added\": {}}]',1,1),(474,'2019-02-04 09:18:46.730484','254','Релейная защита и автоматизация ЭЭС',1,'[{\"added\": {}}]',1,1),(475,'2019-02-04 09:18:53.776947','255','Электрические станции',1,'[{\"added\": {}}]',1,1),(476,'2019-02-04 09:19:02.249634','256','Электроэнергетические системы и сети',1,'[{\"added\": {}}]',1,1),(477,'2019-02-04 09:19:11.523926','257','Электроснабжение (по отраслям)',1,'[{\"added\": {}}]',1,1),(478,'2019-02-04 09:19:19.690181','258','Энергосбережение в электроэнергетике',1,'[{\"added\": {}}]',1,1),(479,'2019-02-04 09:19:27.957024','259','Электрические машины и аппараты',1,'[{\"added\": {}}]',1,1),(480,'2019-02-04 09:19:35.223448','260','Электромеханика горной промышленности',1,'[{\"added\": {}}]',1,1),(481,'2019-02-04 09:19:44.449091','261','Материаловедение и технология материалов',1,'[{\"added\": {}}]',1,1),(482,'2019-02-04 09:19:51.766112','262','Металлургия цветных металло',1,'[{\"added\": {}}]',1,1),(483,'2019-02-04 09:20:05.161696','263','Технология машиностроения',1,'[{\"added\": {}}]',1,1),(484,'2019-02-04 09:20:14.825179','264','Машины и аппараты пищевых производств',1,'[{\"added\": {}}]',1,1),(485,'2019-02-04 09:20:26.589683','265','Пищевая инженерия малых предприятий',1,'[{\"added\": {}}]',1,1),(486,'2019-02-04 09:20:39.276997','266','Пищевая инженерия',1,'[{\"added\": {}}]',1,1),(487,'2019-02-04 09:20:49.495098','267','Горные машины и оборудование',1,'[{\"added\": {}}]',1,1),(488,'2019-02-04 09:20:57.909562','268','Компьютерное моделирование в технике',1,'[{\"added\": {}}]',1,1),(489,'2019-02-04 09:21:06.153403','269','Автомобильный сервис',1,'[{\"added\": {}}]',1,1),(490,'2019-02-04 09:21:17.297535','270','Автомобили и автомобильное хозяйство',1,'[{\"added\": {}}]',1,1),(491,'2019-02-04 09:21:28.005466','271','Эксплуатация транспортно-технологических машин наземного обеспечения воздушного транспорта',1,'[{\"added\": {}}]',1,1),(492,'2019-02-04 09:21:37.959401','272','Организация и безопасность движения',1,'[{\"added\": {}}]',1,1),(493,'2019-02-04 09:21:47.172866','273','Организация перевозок и управление на транспорте',1,'[{\"added\": {}}]',1,1),(494,'2019-02-04 09:22:18.833101','274','Таможенное дело на транспорте',1,'[{\"added\": {}}]',1,1),(495,'2019-02-04 09:22:32.103785','275','Биомедицинская инженерия',1,'[{\"added\": {}}]',1,1),(496,'2019-02-04 09:22:41.725214','276','Медицинская информатика',1,'[{\"added\": {}}]',1,1),(497,'2019-02-04 09:22:54.258282','277','Радиотехника',1,'[{\"added\": {}}]',1,1),(498,'2019-02-04 09:23:02.690562','278','Сети связи и системы коммутации',1,'[{\"added\": {}}]',1,1),(499,'2019-02-04 09:23:10.800818','279','Инфокоммуникационные технологии в сервисах и услугах связ',1,'[{\"added\": {}}]',1,1),(500,'2019-02-04 09:23:27.313196','280','Системы мобильной связи и радиодоступа',1,'[{\"added\": {}}]',1,1),(501,'2019-02-04 09:23:37.030677','281','Цифровое телевизионное и звуковое вещание',1,'[{\"added\": {}}]',1,1),(502,'2019-02-04 09:23:46.137745','282','Программно-защищенные инфокоммуникации',1,'[{\"added\": {}}]',1,1),(503,'2019-02-04 09:23:54.520594','283','Информационная безопасность в телекоммуникациях',1,'[{\"added\": {}}]',1,1),(504,'2019-02-04 09:24:02.331260','284','Телематика услуг',1,'[{\"added\": {}}]',1,1),(505,'2019-02-04 09:24:12.096124','285','Нанотелематика',1,'[{\"added\": {}}]',1,1),(506,'2019-02-04 09:24:19.770558','286','Информатика в здравоохранении',1,'[{\"added\": {}}]',1,1),(507,'2019-02-04 09:24:29.875670','287','Управление в технических системах',1,'[{\"added\": {}}]',1,1),(508,'2019-02-04 09:24:40.999757','288','Автоматизация технологических процессов и производств',1,'[{\"added\": {}}]',1,1),(509,'2019-02-04 09:25:00.180356','289','Управление качеством продукции и системы менеджмента предприятий',1,'[{\"added\": {}}]',1,1),(510,'2019-02-04 09:25:06.661390','290','Мехатроника',1,'[{\"added\": {}}]',1,1),(511,'2019-02-04 09:25:17.427863','291','Стандартизация и сертификация продукции и производств',1,'[{\"added\": {}}]',1,1),(512,'2019-02-04 09:25:25.462106','292','Стандартизация и сертификация пищевых продуктов',1,'[{\"added\": {}}]',1,1),(513,'2019-02-04 09:25:37.320585','293','Вычислительные машины, комплексы, системы и сети',1,'[{\"added\": {}}]',1,1),(514,'2019-02-04 09:25:49.053729','294','Автоматизированные системы обработки информации и управления',1,'[{\"added\": {}}]',1,1),(515,'2019-02-04 09:25:58.736200','295','Информационные системы и технологии в экономик',1,'[{\"added\": {}}]',1,1),(516,'2019-02-04 09:26:07.876864','296','Информационные системы и технологии в медиаиндустрии',1,'[{\"added\": {}}]',1,1),(517,'2019-02-04 09:26:19.858221','297','Информационные системы и технологии в телекоммуникациях',1,'[{\"added\": {}}]',1,1),(518,'2019-02-04 09:26:28.162872','298','Информационные системы и технологии в горном деле',1,'[{\"added\": {}}]',1,1),(519,'2019-02-04 09:26:44.865847','299','Технология разработки программного обеспечения',1,'[{\"added\": {}}]',1,1),(520,'2019-02-04 09:26:55.427717','300','Интернет технологии и управление.',1,'[{\"added\": {}}]',1,1),(521,'2019-02-04 09:27:10.152881','301','Пищевая биотехнологи',1,'[{\"added\": {}}]',1,1),(522,'2019-02-04 09:27:21.549575','302','Технология бродильных производств и виноделие',1,'[{\"added\": {}}]',1,1),(523,'2019-02-04 09:27:32.653112','303','Технология консервов и пищеконцентратов',1,'[{\"added\": {}}]',1,1),(524,'2019-02-04 09:27:41.155766','304','Технология хлеба, кондитерских и макаронных изделий',1,'[{\"added\": {}}]',1,1),(525,'2019-02-04 09:27:49.527253','305','Безопасность и качество пищевых производств',1,'[{\"added\": {}}]',1,1),(526,'2019-02-04 09:28:01.869820','306','Технология продукции и организация обслуживания в ресторанах и гостиничных комплексах',1,'[{\"added\": {}}]',1,1),(527,'2019-02-04 09:28:11.603302','307','Технология производства продукции и организация общественного питания',1,'[{\"added\": {}}]',1,1),(528,'2019-02-04 09:28:23.364259','308','Технология полиграфического производства',1,'[{\"added\": {}}]',1,1),(529,'2019-02-04 09:28:30.202485','309','Технология швейных изделий',1,'[{\"added\": {}}]',1,1),(530,'2019-02-04 09:28:38.569597','310','Конструирование швейных изделий',1,'[{\"added\": {}}]',1,1),(531,'2019-02-04 09:28:45.885010','311','Технология текстиля и кожи',1,'[{\"added\": {}}]',1,1),(532,'2019-02-04 09:28:54.556476','312','Безопасность технологических процессов и производств',1,'[{\"added\": {}}]',1,1),(533,'2019-02-04 09:29:03.605134','313','Промышленная безопасность',1,'[{\"added\": {}}]',1,1),(534,'2019-02-04 09:29:12.078830','314','Защита в чрезвычайных ситуациях',1,'[{\"added\": {}}]',1,1),(535,'2019-02-04 09:29:19.696071','315','Охрана окружающей среды и рациональное использование природных ресурсов',1,'[{\"added\": {}}]',1,1),(536,'2019-02-04 09:29:28.602528','316','Инженерная защита окружающей сред',1,'[{\"added\": {}}]',1,1),(537,'2019-02-04 09:29:45.355557','317','Математическое моделирование',1,'[{\"added\": {}}]',1,1),(538,'2019-02-04 09:34:25.346597','318','Математическое моделирование',1,'[{\"added\": {}}]',1,1),(539,'2019-02-04 09:34:34.077087','319','Информационные технологии',1,'[{\"added\": {}}]',1,1),(540,'2019-02-04 09:34:43.180542','320','Дизайн одежды',1,'[{\"added\": {}}]',1,1),(541,'2019-02-04 09:34:52.116772','321','Производственный менеджмент',1,'[{\"added\": {}}]',1,1),(542,'2019-02-04 09:35:02.099890','322','Транспортная логистика',1,'[{\"added\": {}}]',1,1),(543,'2019-02-04 09:35:11.441958','323','Закупочная логистика',1,'[{\"added\": {}}]',1,1),(544,'2019-02-04 09:35:19.701011','324','Безопасность автоматизированных систем',1,'[{\"added\": {}}]',1,1),(545,'2019-02-04 09:35:30.914703','325','Геологическая съемка, поиски и разведки МПИ',1,'[{\"added\": {}}]',1,1),(546,'2019-02-04 09:35:39.914580','326','Геология нефти и газа',1,'[{\"added\": {}}]',1,1),(547,'2019-02-04 09:35:48.571699','327','Поиски и разведки подземных вод и инженерно-геологические изыскания',1,'[{\"added\": {}}]',1,1),(548,'2019-02-04 09:35:56.146321','328','Прикладная геохимия, минералогия и петрология',1,'[{\"added\": {}}]',1,1),(549,'2019-02-04 09:36:05.205033','329','Рудничная геология',1,'[{\"added\": {}}]',1,1),(550,'2019-02-04 09:36:16.462383','330','Геофизические методы поисков и разведки месторождений полезных ископаемых',1,'[{\"added\": {}}]',1,1),(551,'2019-02-04 09:36:26.241437','331','Нефтегазовая геофизика',1,'[{\"added\": {}}]',1,1),(552,'2019-02-04 09:36:38.197779','332','Бурение скважин на жидкие и газообразные полезные ископаемые',1,'[{\"added\": {}}]',1,1),(553,'2019-02-04 09:36:51.102145','333','Технология и техника разведки месторождений полезных ископаемых',1,'[{\"added\": {}}]',1,1),(554,'2019-02-04 09:36:57.550151','334','Геофизические методы исследования скважин',1,'[{\"added\": {}}]',1,1),(555,'2019-02-04 09:37:05.279187','335','Технологическая безопасность и горноспасательное дело',1,'[{\"added\": {}}]',1,1),(556,'2019-02-04 09:37:12.875449','336','Подземная разработка месторождений',1,'[{\"added\": {}}]',1,1),(557,'2019-02-04 09:37:40.937798','337','Маркшейдерское дело',1,'[{\"added\": {}}]',1,1),(558,'2019-02-04 09:37:48.091030','338','Взрывное дело',1,'[{\"added\": {}}]',1,1),(559,'2019-02-04 09:37:59.745587','339','Шахтное подземное строительство',1,'[{\"added\": {}}]',1,1),(560,'2019-02-04 09:38:13.393293','340','Открытые горные работы',1,'[{\"added\": {}}]',1,1),(561,'2019-02-04 09:38:24.437407','341','Горнопромышленная экология',1,'[{\"added\": {}}]',1,1),(562,'2019-02-04 09:38:32.451257','342','Обогащение полезных ископаемых',1,'[{\"added\": {}}]',1,1),(563,'2019-02-04 09:38:39.490288','343','Бурение нефтяных и газовых скважин',1,'[{\"added\": {}}]',1,1),(564,'2019-02-04 09:38:45.564471','344','Разработка и эксплуатация нефтяных и газовых скважин',1,'[{\"added\": {}}]',1,1),(565,'2019-02-04 09:38:54.186765','345','Тепловые электрические станции',1,'[{\"added\": {}}]',1,1),(566,'2019-02-04 09:39:04.831300','346','Электромеханика',1,'[{\"added\": {}}]',1,1),(567,'2019-02-04 09:39:12.811544','347','Менеджмент в электроэнергетике',1,'[{\"added\": {}}]',1,1),(568,'2019-02-04 09:39:20.776650','348','Альтернативные источники энергии',1,'[{\"added\": {}}]',1,1),(569,'2019-02-04 09:39:27.065260','349','Гидроэлектроэнергетика',1,'[{\"added\": {}}]',1,1),(570,'2019-02-04 09:39:33.915892','350','Релейная защита и автоматизация ЭЭС',1,'[{\"added\": {}}]',1,1),(571,'2019-02-04 09:39:43.372333','351','Электрические станции',1,'[{\"added\": {}}]',1,1),(572,'2019-02-04 09:40:00.734449','352','Электроэнергетические системы и сети',1,'[{\"added\": {}}]',1,1),(573,'2019-02-04 09:40:07.280254','353','Электроснабжение (по отраслям)',1,'[{\"added\": {}}]',1,1),(574,'2019-02-04 09:40:20.059518','354','Энергосбережение в электроэнергетике',1,'[{\"added\": {}}]',1,1),(575,'2019-02-04 09:40:26.250751','355','Электрические машины и аппараты',1,'[{\"added\": {}}]',1,1),(576,'2019-02-04 09:40:32.303364','356','Электромеханика горной промышленности',1,'[{\"added\": {}}]',1,1),(577,'2019-02-04 09:40:40.758648','357','Материаловедение и технология материалов',1,'[{\"added\": {}}]',1,1),(578,'2019-02-04 09:40:48.014464','358','Металлургия цветных металлов',1,'[{\"added\": {}}]',1,1),(579,'2019-02-04 09:40:58.664369','359','Технология машиностроения',1,'[{\"added\": {}}]',1,1),(580,'2019-02-04 09:41:06.464823','360','Пищевая инженерия малых предприятий',1,'[{\"added\": {}}]',1,1),(581,'2019-02-04 09:41:14.325527','361','Вычислительная инженерия',1,'[{\"added\": {}}]',1,1),(582,'2019-02-04 09:41:22.755220','362','Техническая эксплуатация транспортно-технологических машин и комплексов',1,'[{\"added\": {}}]',1,1),(583,'2019-02-04 09:41:32.129738','363','Сервис и обслуживание транспорта, транспортно-технологических машин и оборудования',1,'[{\"added\": {}}]',1,1),(584,'2019-02-04 09:41:39.812802','364','Организация и безопасность движения',1,'[{\"added\": {}}]',1,1),(585,'2019-02-04 09:41:46.370409','365','Организация перевозок и управление на транспорте',1,'[{\"added\": {}}]',1,1),(586,'2019-02-04 09:41:53.413639','366','Радиотехника',1,'[{\"added\": {}}]',1,1),(587,'2019-02-04 09:42:02.484743','367','Сети связи и системы коммутации',1,'[{\"added\": {}}]',1,1),(588,'2019-02-04 09:42:12.434876','368','Системы мобильной связи и радиодоступа',1,'[{\"added\": {}}]',1,1),(589,'2019-02-04 09:42:20.718142','369','Безопасность и программная защита инфокоммуникаций',1,'[{\"added\": {}}]',1,1),(590,'2019-02-04 09:42:29.061826','370','Телематика услуг',1,'[{\"added\": {}}]',1,1),(591,'2019-02-04 09:42:35.662475','371','Телемедицина',1,'[{\"added\": {}}]',1,1),(592,'2019-02-04 09:42:42.348115','372','Управление в технических системах',1,'[{\"added\": {}}]',1,1),(593,'2019-02-04 09:42:49.091531','373','Автоматизация технологических процессов и производств',1,'[{\"added\": {}}]',1,1),(594,'2019-02-04 09:42:56.668959','374','Мехатроника',1,'[{\"added\": {}}]',1,1),(595,'2019-02-04 09:43:05.007250','375','Стандартизация и сертификация продукции и производств',1,'[{\"added\": {}}]',1,1),(596,'2019-02-04 09:43:14.177360','376','Стандартизация и сертификация пищевых продуктов',1,'[{\"added\": {}}]',1,1),(597,'2019-02-04 09:43:20.458581','377','Компьютерная инженерия',1,'[{\"added\": {}}]',1,1),(598,'2019-02-04 09:43:28.362256','378','Информатика как вторая компетенция',1,'[{\"added\": {}}]',1,1),(599,'2019-02-04 09:43:37.216331','379','Информационные системы и технологии в экономике',1,'[{\"added\": {}}]',1,1),(600,'2019-02-04 09:43:44.839573','380','Информационные системы и технологии в медиаиндустрии',1,'[{\"added\": {}}]',1,1),(601,'2019-02-04 09:43:52.484259','381','Технология разработки программного обеспечения',1,'[{\"added\": {}}]',1,1),(602,'2019-02-04 09:43:59.026883','382','Технология бродильных производств и виноделие',1,'[{\"added\": {}}]',1,1),(603,'2019-02-04 09:44:05.713515','383','Технология консервов и пищеконцентратов',1,'[{\"added\": {}}]',1,1),(604,'2019-02-04 09:44:12.076124','384','Безопасность и качество пищевых продуктов',1,'[{\"added\": {}}]',1,1),(605,'2019-02-04 09:44:20.283821','385','Технология и управление предприятие',1,'[{\"added\": {}}]',1,1),(606,'2019-02-04 09:44:26.629447','386','Разработка продукции',1,'[{\"added\": {}}]',1,1),(607,'2019-02-04 09:44:33.117680','387','Технология функциональных продуктов питания',1,'[{\"added\": {}}]',1,1),(608,'2019-02-04 09:44:41.671151','388','Технология полиграфического производства',1,'[{\"added\": {}}]',1,1),(609,'2019-02-04 09:44:49.812034','389','Технология швейных изделий',1,'[{\"added\": {}}]',1,1),(610,'2019-02-04 09:44:55.799842','390','Конструирование швейных изделий',1,'[{\"added\": {}}]',1,1),(611,'2019-02-04 09:45:02.990330','391','Безопасность технологических процессов и производств',1,'[{\"added\": {}}]',1,1),(612,'2019-02-04 09:45:09.062755','392','Промышленная безопасность',1,'[{\"added\": {}}]',1,1),(613,'2019-02-04 09:45:16.332997','393','Защита в чрезвычайных ситуациях',1,'[{\"added\": {}}]',1,1),(614,'2019-02-04 09:45:23.992637','394','Охрана окружающей среды и рациональное использование природных ресурсов',1,'[{\"added\": {}}]',1,1),(615,'2019-02-04 09:45:31.710281','395','Инженерная защита окружающей сред',1,'[{\"added\": {}}]',1,1),(616,'2019-02-04 09:45:41.123124','396','Безопасность компьютерных систем и сетей',1,'[{\"added\": {}}]',1,1),(617,'2019-02-04 09:45:49.086777','397','Пожарная безопасность',1,'[{\"added\": {}}]',1,1),(618,'2019-02-04 09:46:06.554886','398','Геофизические методы поисков и разведки месторождений полезных ископаемых',1,'[{\"added\": {}}]',1,1),(619,'2019-02-04 09:46:15.293915','399','Нефтегазовая геофизика',1,'[{\"added\": {}}]',1,1),(620,'2019-02-04 09:46:27.994442','400','Бурение скважин на жидкие и газообразные полезные ископаемые',1,'[{\"added\": {}}]',1,1),(621,'2019-02-04 09:46:48.051308','401','Технология и техника разведки месторождений полезных ископаемых',1,'[{\"added\": {}}]',1,1),(622,'2019-02-04 09:46:55.786172','402','Геофизические методы исследования скважи',1,'[{\"added\": {}}]',1,1),(623,'2019-02-04 09:47:04.030026','403','Технологическая безопасность и горноспасательное дело',1,'[{\"added\": {}}]',1,1),(624,'2019-02-04 09:47:14.778140','404','Подземная разработка месторождений полезных ископаемых',1,'[{\"added\": {}}]',1,1),(625,'2019-02-04 09:47:21.097773','405','Маркшейдерское дело',1,'[{\"added\": {}}]',1,1),(626,'2019-02-04 09:47:27.581398','406','Взрывное дело',1,'[{\"added\": {}}]',1,1),(627,'2019-02-04 09:47:34.992231','407','Шахтное подземное строительство',1,'[{\"added\": {}}]',1,1),(628,'2019-02-04 09:47:42.544882','408','Открытые горные работы',1,'[{\"added\": {}}]',1,1),(629,'2019-02-04 09:47:50.119526','409','Горнопромышленная экология',1,'[{\"added\": {}}]',1,1),(630,'2019-02-04 09:47:57.306988','410','Обогащение полезных ископаемых',1,'[{\"added\": {}}]',1,1),(631,'2019-02-04 09:48:04.192239','411','Экономика горного производства',1,'[{\"added\": {}}]',1,1),(632,'2019-02-04 09:48:11.471707','412','Горные машины и оборудования',1,'[{\"added\": {}}]',1,1),(633,'2019-02-04 09:48:17.924515','413','Электрификация и автоматизация горного производства',1,'[{\"added\": {}}]',1,1),(634,'2019-02-04 09:48:28.630855','414','Транспортные системы горного производств',1,'[{\"added\": {}}]',1,1),(635,'2019-02-04 09:48:35.421674','415','Физические процессы нефтегазового производства',1,'[{\"added\": {}}]',1,1),(636,'2019-02-04 09:48:41.210884','416','Прикладная геодезия',1,'[{\"added\": {}}]',1,1),(637,'2019-02-04 09:48:59.987060','414','Транспортные системы горного производства',2,'[{\"changed\": {\"fields\": [\"name\"]}}]',1,1),(638,'2019-02-04 09:49:25.273559','402','Геофизические методы исследования скважин',2,'[{\"changed\": {\"fields\": [\"name\"]}}]',1,1),(639,'2019-02-04 09:49:41.164052','395','Инженерная защита окружающей среды',2,'[{\"changed\": {\"fields\": [\"name\"]}}]',1,1),(640,'2019-02-04 09:50:01.657049','385','Технология и управление предприятием',2,'[{\"changed\": {\"fields\": [\"name\"]}}]',1,1),(641,'2019-02-06 07:39:40.591267','1','Научный деятель',1,'[{\"added\": {}}]',3,1),(642,'2019-02-06 07:39:50.147006','2','Государственный деятель',1,'[{\"added\": {}}]',3,1),(643,'2019-02-06 07:39:56.715308','3','Бизнесмен',1,'[{\"added\": {}}]',3,1),(644,'2019-02-06 07:40:01.065000','4','Другие',1,'[{\"added\": {}}]',3,1),(645,'2019-02-08 04:45:02.369564','1','Politeh',1,'[{\"added\": {}}]',7,1),(646,'2019-02-08 04:47:00.669248','2','politeh',1,'[{\"added\": {}}]',8,1),(647,'2019-02-08 04:47:12.101396','2','politeh',2,'[]',8,1),(648,'2019-02-08 06:45:13.513935','1','Ляпусь Лв',3,'',4,1),(649,'2019-02-12 04:34:59.506571','6','УСУПОВ Айдар Дамирбекович',3,'',4,1),(650,'2019-02-12 04:34:59.564574','4','Осмонова Рима Чынарбековна',3,'',4,1),(651,'2019-02-12 04:34:59.568574','5','Мурсидинов Жениш Мурсидинович',3,'',4,1),(652,'2019-02-12 04:34:59.572575','2','Мурсидинов Жениш Мурсидинович',3,'',4,1),(653,'2019-02-12 04:34:59.576575','3','Абдрасул кызы Чолпон',3,'',4,1),(654,'2019-02-12 05:36:08.990453','417','Электромеханика',1,'[{\"added\": {}}]',1,1),(655,'2019-02-12 05:36:28.774585','418','Гидроэлектроэнергетика',1,'[{\"added\": {}}]',1,1),(656,'2019-02-12 05:36:45.476540','419','Электрические станции',1,'[{\"added\": {}}]',1,1),(657,'2019-02-12 05:37:08.694868','420','Электроэнергетические системы и сети',1,'[{\"added\": {}}]',1,1),(658,'2019-02-12 05:37:25.557833','421','Электроснабжение (по отраслям)',1,'[{\"added\": {}}]',1,1),(659,'2019-02-12 05:37:47.569092','422','Технология машиностроения',1,'[{\"added\": {}}]',1,1),(660,'2019-02-12 05:38:10.189386','423','Автомобильный сервис',1,'[{\"added\": {}}]',1,1),(661,'2019-02-12 05:38:25.894284','424','Автомобили и автомобильное хозяйство',1,'[{\"added\": {}}]',1,1),(662,'2019-02-12 05:38:40.650128','425','Эксплуатация транспортно-технологических машин наземного обеспечения воздушного транспорта',1,'[{\"added\": {}}]',1,1),(663,'2019-02-12 05:38:53.734876','426','Медицинская информатика',1,'[{\"added\": {}}]',1,1),(664,'2019-02-12 05:39:07.718654','427','Нанотелематика',1,'[{\"added\": {}}]',1,1),(665,'2019-02-12 05:39:36.657650','428','Управление в технических системах',1,'[{\"added\": {}}]',1,1),(666,'2019-02-12 05:39:52.238390','429','Мехатроника',1,'[{\"added\": {}}]',1,1),(667,'2019-02-12 05:40:15.461013','430','Информационные системы и технологии в экономике',1,'[{\"added\": {}}]',1,1),(668,'2019-02-12 05:40:32.387871','431','Технология разработки программного обеспечения',1,'[{\"added\": {}}]',1,1),(669,'2019-02-12 05:42:16.347550','432','Технология молока и молочных продуктов',1,'[{\"added\": {}}]',1,1),(670,'2019-02-12 05:42:33.048188','433','Технология производства продукции и организация общественного питания',1,'[{\"added\": {}}]',1,1),(671,'2019-02-12 05:43:03.596140','434','Прикладная математика и информатика',1,'[{\"added\": {}}]',1,1),(672,'2019-02-12 05:43:30.825513','435','Альтернативные источники энергии',1,'[{\"added\": {}}]',1,1),(673,'2019-02-12 05:43:52.006234','436','Гидроэлектроэнергетика',1,'[{\"added\": {}}]',1,1),(674,'2019-02-12 05:44:31.457271','437','Релейная защита и автоматизация ЭЭС',1,'[{\"added\": {}}]',1,1),(675,'2019-02-12 05:44:55.926117','438','Материаловедение и технология материалов',1,'[{\"added\": {}}]',1,1),(676,'2019-02-12 05:45:25.362798','439','Технология консервов и пищеконцентратов',1,'[{\"added\": {}}]',1,1),(677,'2019-02-12 05:45:49.157220','440','Технология молока и молочных продуктов',1,'[{\"added\": {}}]',1,1),(678,'2019-02-12 05:46:00.520136','441','Технология мяса и мясных продуктов',1,'[{\"added\": {}}]',1,1),(679,'2019-02-12 05:46:22.158845','442','Технология полиграфического производства',1,'[{\"added\": {}}]',1,1),(680,'2019-02-12 05:48:23.100953','7','Сагынбеков Улук Сагынбекович',3,'',4,1),(681,'2019-02-12 06:23:03.296475','443','Биотехнические системы и технологии',1,'[{\"added\": {}}]',1,1),(682,'2019-02-12 06:23:38.151036','444','Информатика и вычислительная техника',1,'[{\"added\": {}}]',1,1),(683,'2019-02-12 06:24:37.376945','445','Прикладная математика и информатика',1,'[{\"added\": {}}]',1,1),(684,'2019-02-12 06:25:10.128395','446','Программная инженерия',1,'[{\"added\": {}}]',1,1),(685,'2019-02-12 06:25:39.711273','447','Информационная безопасность',1,'[{\"added\": {}}]',1,1),(686,'2019-02-12 06:26:35.547462','448','Электроэнергетика и электротехника',1,'[{\"added\": {}}]',1,1),(687,'2019-02-12 06:26:58.893337','449','Теплоэнергетика и теплотехника',1,'[{\"added\": {}}]',1,1),(688,'2019-02-12 06:27:25.301206','450','Машиностроение',1,'[{\"added\": {}}]',1,1),(689,'2019-02-12 06:27:52.804469','451','Менеджмент',1,'[{\"added\": {}}]',1,1),(690,'2019-02-12 06:28:37.652906','452','Телематика',1,'[{\"added\": {}}]',1,1),(691,'2019-02-12 06:29:26.555618','453','Технология транспортных процессов',1,'[{\"added\": {}}]',1,1),(692,'2019-02-12 06:29:54.619081','454','Химическая технология',1,'[{\"added\": {}}]',1,1),(693,'2019-02-13 08:43:33.568991','455','Механика и промышленная инженерия',1,'[{\"added\": {}}]',1,1),(694,'2019-02-13 08:51:25.046958','456','Технология мяса и мясных продуктов',1,'[{\"added\": {}}]',1,1),(695,'2019-02-13 08:51:41.557902','457','Технология молока и молочных продуктов',1,'[{\"added\": {}}]',1,1),(696,'2019-02-14 05:52:33.720169','458','Искусство костюма и текстиля',1,'[{\"added\": {}}]',1,1),(697,'2019-02-14 07:56:43.874939','459','Технология машиностроения',1,'[{\"added\": {}}]',1,1),(698,'2019-02-15 07:25:41.756498','460','Логистика',1,'[{\"added\": {}}]',1,1),(699,'2019-02-15 07:25:50.875019','461','Телематика',1,'[{\"added\": {}}]',1,1),(700,'2019-02-20 04:41:31.775841','102','Хакимов Г. А.',2,'[{\"changed\": {\"fields\": [\"graduate_date\", \"feedback\"]}}]',4,1),(701,'2019-02-20 04:43:16.759846','418','АМОНЗОДА Илхом Темур',2,'[{\"changed\": {\"fields\": [\"graduate_date\", \"feedback\"]}}]',4,1),(702,'2019-02-25 04:54:58.875282','462','Инженерная педагогика',1,'[{\"added\": {}}]',1,1),(703,'2019-02-25 05:41:40.892233','463','Электропривод',1,'[{\"added\": {}}]',1,1),(704,'2019-02-25 07:57:35.138336','529','Мелис Асаналиевич Серкебаев',3,'',4,1),(705,'2019-02-25 07:57:35.165337','528','Мелис Асаналиевич Серкебаев',3,'',4,1),(706,'2019-02-25 07:57:35.169338','527','Мелис Асаналиевич Серкебаев',3,'',4,1),(707,'2019-02-25 07:57:35.173338','526','Мелис Асаналиевич Серкебаев',3,'',4,1),(708,'2019-02-25 07:57:35.176338','525','Мелис Асаналиевич Серкебаев',3,'',4,1),(709,'2019-02-25 07:57:35.179338','524','Мелис Асаналиевич Серкебаев',3,'',4,1),(710,'2019-02-25 07:57:35.181338','523','Мелис Асаналиевич Серкебаев',3,'',4,1),(711,'2019-02-25 07:57:35.184339','521','Мелис Асаналиевич Серкебаев',3,'',4,1),(712,'2019-02-25 07:58:19.495873','536','Зайко Надежда Александровна',3,'',4,1),(713,'2019-02-25 07:58:19.498873','535','Зайко Надежда Александровна',3,'',4,1),(714,'2019-02-25 07:58:19.501873','534','Зайко Надежда Александровна',3,'',4,1),(715,'2019-02-25 07:58:19.504874','533','Зайко Надежда Александровна',3,'',4,1),(716,'2019-02-25 07:58:19.508874','532','Зайко Надежда Александровна',3,'',4,1),(717,'2019-02-25 07:58:19.511874','531','Зайко Надежда Александровна',3,'',4,1),(718,'2019-02-25 07:59:02.760348','542','Жумаев Чынгыз  Сайранбекович',3,'',4,1),(719,'2019-02-25 07:59:02.764348','541','Жумаев Чынгыз  Сайранбекович',3,'',4,1),(720,'2019-02-25 07:59:02.767348','540','Жумаев Чынгыз  Сайранбекович',3,'',4,1),(721,'2019-02-25 07:59:02.771348','539','Жумаев Чынгыз  Сайранбекович',3,'',4,1),(722,'2019-02-25 07:59:58.467534','557','Иванов Владимир Александрович окончил 2005',3,'',4,1),(723,'2019-02-25 07:59:58.471534','556','Иванов Владимир Александрович окончил 2005',3,'',4,1),(724,'2019-02-25 07:59:58.475534','555','Иванов Владимир Александрович окончил 2005',3,'',4,1),(725,'2019-02-25 07:59:58.479535','554','Иванов Владимир Александрович окончил 2005',3,'',4,1),(726,'2019-02-25 07:59:58.482535','553','Иванов Владимир Александрович окончил 2005',3,'',4,1),(727,'2019-02-25 07:59:58.485535','552','Иванов Владимир Александрович окончил 2005',3,'',4,1),(728,'2019-02-25 07:59:58.487535','551','Иванов Владимир Александрович окончил 2005',3,'',4,1),(729,'2019-02-25 07:59:58.491535','550','Иванов Владимир Александрович окончил 2005',3,'',4,1),(730,'2019-02-25 07:59:58.494535','549','Иванов Владимир Александрович окончил 2005',3,'',4,1),(731,'2019-02-25 07:59:58.497536','548','Иванов Владимир Александрович окончил 2005',3,'',4,1),(732,'2019-02-25 07:59:58.500536','547','Иванов Владимир Александрович окончил 2005',3,'',4,1),(733,'2019-02-25 07:59:58.503536','546','Иванов Владимир Александрович окончил 2005',3,'',4,1),(734,'2019-02-25 07:59:58.506536','545','Иванов Владимир Александрович окончил 2005',3,'',4,1),(735,'2019-02-25 07:59:58.509536','544','Иванов Владимир Александрович окончил 2005',3,'',4,1);
/*!40000 ALTER TABLE `django_admin_log` ENABLE KEYS */;
UNLOCK TABLES;

--
-- Table structure for table `django_content_type`
--

DROP TABLE IF EXISTS `django_content_type`;
/*!40101 SET @saved_cs_client     = @@character_set_client */;
 SET character_set_client = utf8mb4 ;
CREATE TABLE `django_content_type` (
  `id` int(11) NOT NULL AUTO_INCREMENT,
  `app_label` varchar(100) NOT NULL,
  `model` varchar(100) NOT NULL,
  PRIMARY KEY (`id`),
  UNIQUE KEY `django_content_type_app_label_model_76bd3d3b_uniq` (`app_label`,`model`)
) ENGINE=InnoDB AUTO_INCREMENT=12 DEFAULT CHARSET=utf8;
/*!40101 SET character_set_client = @saved_cs_client */;

--
-- Dumping data for table `django_content_type`
--

LOCK TABLES `django_content_type` WRITE;
/*!40000 ALTER TABLE `django_content_type` DISABLE KEYS */;
INSERT INTO `django_content_type` VALUES (5,'admin','logentry'),(7,'auth','group'),(6,'auth','permission'),(8,'auth','user'),(9,'contenttypes','contenttype'),(10,'sessions','session'),(1,'student','cafedra'),(2,'student','faculty'),(3,'student','jcategory'),(11,'student','photo'),(4,'student','student');
/*!40000 ALTER TABLE `django_content_type` ENABLE KEYS */;
UNLOCK TABLES;

--
-- Table structure for table `django_migrations`
--

DROP TABLE IF EXISTS `django_migrations`;
/*!40101 SET @saved_cs_client     = @@character_set_client */;
 SET character_set_client = utf8mb4 ;
CREATE TABLE `django_migrations` (
  `id` int(11) NOT NULL AUTO_INCREMENT,
  `app` varchar(255) NOT NULL,
  `name` varchar(255) NOT NULL,
  `applied` datetime(6) NOT NULL,
  PRIMARY KEY (`id`)
) ENGINE=InnoDB AUTO_INCREMENT=21 DEFAULT CHARSET=utf8;
/*!40101 SET character_set_client = @saved_cs_client */;

--
-- Dumping data for table `django_migrations`
--

LOCK TABLES `django_migrations` WRITE;
/*!40000 ALTER TABLE `django_migrations` DISABLE KEYS */;
INSERT INTO `django_migrations` VALUES (1,'contenttypes','0001_initial','2019-02-01 05:38:06.395568'),(2,'auth','0001_initial','2019-02-01 05:38:16.110398'),(3,'admin','0001_initial','2019-02-01 05:38:18.568206'),(4,'admin','0002_logentry_remove_auto_add','2019-02-01 05:38:18.630606'),(5,'admin','0003_logentry_add_action_flag_choices','2019-02-01 05:38:18.708607'),(6,'contenttypes','0002_remove_content_type_name','2019-02-01 05:38:20.302611'),(7,'auth','0002_alter_permission_name_max_length','2019-02-01 05:38:21.170014'),(8,'auth','0003_alter_user_email_max_length','2019-02-01 05:38:21.990617'),(9,'auth','0004_alter_user_username_opts','2019-02-01 05:38:22.068617'),(10,'auth','0005_alter_user_last_login_null','2019-02-01 05:38:22.748820'),(11,'auth','0006_require_contenttypes_0002','2019-02-01 05:38:22.795620'),(12,'auth','0007_alter_validators_add_error_messages','2019-02-01 05:38:22.842420'),(13,'auth','0008_alter_user_username_max_length','2019-02-01 05:38:23.602623'),(14,'auth','0009_alter_user_last_name_max_length','2019-02-01 05:38:24.409626'),(15,'sessions','0001_initial','2019-02-01 05:38:24.973227'),(16,'student','0001_initial','2019-02-01 05:38:30.156643'),(17,'student','0002_auto_20190204_1508','2019-02-04 09:08:29.022821'),(18,'student','0003_auto_20190204_1533','2019-02-04 09:33:42.023465'),(19,'student','0004_auto_20190225_1139','2019-02-25 05:39:56.120240'),(20,'student','0005_photo','2019-03-03 16:05:16.413546');
/*!40000 ALTER TABLE `django_migrations` ENABLE KEYS */;
UNLOCK TABLES;

--
-- Table structure for table `django_session`
--

DROP TABLE IF EXISTS `django_session`;
/*!40101 SET @saved_cs_client     = @@character_set_client */;
 SET character_set_client = utf8mb4 ;
CREATE TABLE `django_session` (
  `session_key` varchar(40) NOT NULL,
  `session_data` longtext NOT NULL,
  `expire_date` datetime(6) NOT NULL,
  PRIMARY KEY (`session_key`),
  KEY `django_session_expire_date_a5c62663` (`expire_date`)
) ENGINE=InnoDB DEFAULT CHARSET=utf8;
/*!40101 SET character_set_client = @saved_cs_client */;

--
-- Dumping data for table `django_session`
--

LOCK TABLES `django_session` WRITE;
/*!40000 ALTER TABLE `django_session` DISABLE KEYS */;
INSERT INTO `django_session` VALUES ('01f3qr5ajekb8hvnuus8t3htrp1msm3v','ZGVhZTJjYTE5YzY4ZjJkZGU5NzU2ZWY4ZGRlYjk2NjI3NDBjOTBhMDp7Il9hdXRoX3VzZXJfaWQiOiIyIiwiX2F1dGhfdXNlcl9iYWNrZW5kIjoiZGphbmdvLmNvbnRyaWIuYXV0aC5iYWNrZW5kcy5Nb2RlbEJhY2tlbmQiLCJfYXV0aF91c2VyX2hhc2giOiI2YjdjY2EyOGRlZmJlMDcxNTBmMWQwYmQ4MDA1ODQ2ZjE4MmE3NTY4In0=','2019-02-18 05:32:04.737214'),('02m7wfwrmuqohtjk1kiu53xg30aanwq1','ZGVhZTJjYTE5YzY4ZjJkZGU5NzU2ZWY4ZGRlYjk2NjI3NDBjOTBhMDp7Il9hdXRoX3VzZXJfaWQiOiIyIiwiX2F1dGhfdXNlcl9iYWNrZW5kIjoiZGphbmdvLmNvbnRyaWIuYXV0aC5iYWNrZW5kcy5Nb2RlbEJhY2tlbmQiLCJfYXV0aF91c2VyX2hhc2giOiI2YjdjY2EyOGRlZmJlMDcxNTBmMWQwYmQ4MDA1ODQ2ZjE4MmE3NTY4In0=','2019-02-13 05:39:54.164864'),('0ak0f3skr3dgdox8wd3o2ox7vkuh9cy8','ZGVhZTJjYTE5YzY4ZjJkZGU5NzU2ZWY4ZGRlYjk2NjI3NDBjOTBhMDp7Il9hdXRoX3VzZXJfaWQiOiIyIiwiX2F1dGhfdXNlcl9iYWNrZW5kIjoiZGphbmdvLmNvbnRyaWIuYXV0aC5iYWNrZW5kcy5Nb2RlbEJhY2tlbmQiLCJfYXV0aF91c2VyX2hhc2giOiI2YjdjY2EyOGRlZmJlMDcxNTBmMWQwYmQ4MDA1ODQ2ZjE4MmE3NTY4In0=','2019-02-25 04:35:32.963282'),('164dufbq4ptq49khwfdffbj9mk6ypoky','ZGVhZTJjYTE5YzY4ZjJkZGU5NzU2ZWY4ZGRlYjk2NjI3NDBjOTBhMDp7Il9hdXRoX3VzZXJfaWQiOiIyIiwiX2F1dGhfdXNlcl9iYWNrZW5kIjoiZGphbmdvLmNvbnRyaWIuYXV0aC5iYWNrZW5kcy5Nb2RlbEJhY2tlbmQiLCJfYXV0aF91c2VyX2hhc2giOiI2YjdjY2EyOGRlZmJlMDcxNTBmMWQwYmQ4MDA1ODQ2ZjE4MmE3NTY4In0=','2019-02-25 06:17:42.165942'),('1qnw7wzfpyzle8btxikai6emp9rh4u8p','ZGVhZTJjYTE5YzY4ZjJkZGU5NzU2ZWY4ZGRlYjk2NjI3NDBjOTBhMDp7Il9hdXRoX3VzZXJfaWQiOiIyIiwiX2F1dGhfdXNlcl9iYWNrZW5kIjoiZGphbmdvLmNvbnRyaWIuYXV0aC5iYWNrZW5kcy5Nb2RlbEJhY2tlbmQiLCJfYXV0aF91c2VyX2hhc2giOiI2YjdjY2EyOGRlZmJlMDcxNTBmMWQwYmQ4MDA1ODQ2ZjE4MmE3NTY4In0=','2019-02-13 05:47:58.553725'),('1wwcsv8dsexojtklacmsuuj88vmpttlv','ZGVhZTJjYTE5YzY4ZjJkZGU5NzU2ZWY4ZGRlYjk2NjI3NDBjOTBhMDp7Il9hdXRoX3VzZXJfaWQiOiIyIiwiX2F1dGhfdXNlcl9iYWNrZW5kIjoiZGphbmdvLmNvbnRyaWIuYXV0aC5iYWNrZW5kcy5Nb2RlbEJhY2tlbmQiLCJfYXV0aF91c2VyX2hhc2giOiI2YjdjY2EyOGRlZmJlMDcxNTBmMWQwYmQ4MDA1ODQ2ZjE4MmE3NTY4In0=','2019-02-21 06:12:27.444990'),('26y94e3sba8euthm2czp4cahafllpyi2','ZGVhZTJjYTE5YzY4ZjJkZGU5NzU2ZWY4ZGRlYjk2NjI3NDBjOTBhMDp7Il9hdXRoX3VzZXJfaWQiOiIyIiwiX2F1dGhfdXNlcl9iYWNrZW5kIjoiZGphbmdvLmNvbnRyaWIuYXV0aC5iYWNrZW5kcy5Nb2RlbEJhY2tlbmQiLCJfYXV0aF91c2VyX2hhc2giOiI2YjdjY2EyOGRlZmJlMDcxNTBmMWQwYmQ4MDA1ODQ2ZjE4MmE3NTY4In0=','2019-02-15 09:42:11.100875'),('288qfjoaedqs8jtg0en42ld2hv9ytqsv','ZGVhZTJjYTE5YzY4ZjJkZGU5NzU2ZWY4ZGRlYjk2NjI3NDBjOTBhMDp7Il9hdXRoX3VzZXJfaWQiOiIyIiwiX2F1dGhfdXNlcl9iYWNrZW5kIjoiZGphbmdvLmNvbnRyaWIuYXV0aC5iYWNrZW5kcy5Nb2RlbEJhY2tlbmQiLCJfYXV0aF91c2VyX2hhc2giOiI2YjdjY2EyOGRlZmJlMDcxNTBmMWQwYmQ4MDA1ODQ2ZjE4MmE3NTY4In0=','2019-02-13 10:55:55.650031'),('2bdbdg1u7hxr557i47l4gu33w9q65dai','ZGVhZTJjYTE5YzY4ZjJkZGU5NzU2ZWY4ZGRlYjk2NjI3NDBjOTBhMDp7Il9hdXRoX3VzZXJfaWQiOiIyIiwiX2F1dGhfdXNlcl9iYWNrZW5kIjoiZGphbmdvLmNvbnRyaWIuYXV0aC5iYWNrZW5kcy5Nb2RlbEJhY2tlbmQiLCJfYXV0aF91c2VyX2hhc2giOiI2YjdjY2EyOGRlZmJlMDcxNTBmMWQwYmQ4MDA1ODQ2ZjE4MmE3NTY4In0=','2019-02-28 10:35:07.165641'),('2bobb68g786ydk4r1kf7d5trrq7q7hr5','ZGVhZTJjYTE5YzY4ZjJkZGU5NzU2ZWY4ZGRlYjk2NjI3NDBjOTBhMDp7Il9hdXRoX3VzZXJfaWQiOiIyIiwiX2F1dGhfdXNlcl9iYWNrZW5kIjoiZGphbmdvLmNvbnRyaWIuYXV0aC5iYWNrZW5kcy5Nb2RlbEJhY2tlbmQiLCJfYXV0aF91c2VyX2hhc2giOiI2YjdjY2EyOGRlZmJlMDcxNTBmMWQwYmQ4MDA1ODQ2ZjE4MmE3NTY4In0=','2019-02-14 09:11:57.479194'),('2tq1m6jrdg0smoh3kbu19d5m430vqzk0','ZGVhZTJjYTE5YzY4ZjJkZGU5NzU2ZWY4ZGRlYjk2NjI3NDBjOTBhMDp7Il9hdXRoX3VzZXJfaWQiOiIyIiwiX2F1dGhfdXNlcl9iYWNrZW5kIjoiZGphbmdvLmNvbnRyaWIuYXV0aC5iYWNrZW5kcy5Nb2RlbEJhY2tlbmQiLCJfYXV0aF91c2VyX2hhc2giOiI2YjdjY2EyOGRlZmJlMDcxNTBmMWQwYmQ4MDA1ODQ2ZjE4MmE3NTY4In0=','2019-02-28 16:23:05.744227'),('2y0yn930lbg6mnob4hdj4e697q1sobxz','ZGVhZTJjYTE5YzY4ZjJkZGU5NzU2ZWY4ZGRlYjk2NjI3NDBjOTBhMDp7Il9hdXRoX3VzZXJfaWQiOiIyIiwiX2F1dGhfdXNlcl9iYWNrZW5kIjoiZGphbmdvLmNvbnRyaWIuYXV0aC5iYWNrZW5kcy5Nb2RlbEJhY2tlbmQiLCJfYXV0aF91c2VyX2hhc2giOiI2YjdjY2EyOGRlZmJlMDcxNTBmMWQwYmQ4MDA1ODQ2ZjE4MmE3NTY4In0=','2019-02-22 05:00:23.644785'),('2yoo1ezvr78732a4cxbuireiqs5scxv9','ZGVhZTJjYTE5YzY4ZjJkZGU5NzU2ZWY4ZGRlYjk2NjI3NDBjOTBhMDp7Il9hdXRoX3VzZXJfaWQiOiIyIiwiX2F1dGhfdXNlcl9iYWNrZW5kIjoiZGphbmdvLmNvbnRyaWIuYXV0aC5iYWNrZW5kcy5Nb2RlbEJhY2tlbmQiLCJfYXV0aF91c2VyX2hhc2giOiI2YjdjY2EyOGRlZmJlMDcxNTBmMWQwYmQ4MDA1ODQ2ZjE4MmE3NTY4In0=','2019-02-21 11:49:51.392759'),('3ca5ugatt2x5owt2n9ga8jfysvpbxt2j','ZGVhZTJjYTE5YzY4ZjJkZGU5NzU2ZWY4ZGRlYjk2NjI3NDBjOTBhMDp7Il9hdXRoX3VzZXJfaWQiOiIyIiwiX2F1dGhfdXNlcl9iYWNrZW5kIjoiZGphbmdvLmNvbnRyaWIuYXV0aC5iYWNrZW5kcy5Nb2RlbEJhY2tlbmQiLCJfYXV0aF91c2VyX2hhc2giOiI2YjdjY2EyOGRlZmJlMDcxNTBmMWQwYmQ4MDA1ODQ2ZjE4MmE3NTY4In0=','2019-02-13 10:06:08.391482'),('43jh4vc5c25k6qr5nphp9q38mohf7amy','ZGVhZTJjYTE5YzY4ZjJkZGU5NzU2ZWY4ZGRlYjk2NjI3NDBjOTBhMDp7Il9hdXRoX3VzZXJfaWQiOiIyIiwiX2F1dGhfdXNlcl9iYWNrZW5kIjoiZGphbmdvLmNvbnRyaWIuYXV0aC5iYWNrZW5kcy5Nb2RlbEJhY2tlbmQiLCJfYXV0aF91c2VyX2hhc2giOiI2YjdjY2EyOGRlZmJlMDcxNTBmMWQwYmQ4MDA1ODQ2ZjE4MmE3NTY4In0=','2019-02-14 09:11:09.556453'),('4kgfyhro1zl9pv3go2dtbgawo4m1xwvy','ZGVhZTJjYTE5YzY4ZjJkZGU5NzU2ZWY4ZGRlYjk2NjI3NDBjOTBhMDp7Il9hdXRoX3VzZXJfaWQiOiIyIiwiX2F1dGhfdXNlcl9iYWNrZW5kIjoiZGphbmdvLmNvbnRyaWIuYXV0aC5iYWNrZW5kcy5Nb2RlbEJhY2tlbmQiLCJfYXV0aF91c2VyX2hhc2giOiI2YjdjY2EyOGRlZmJlMDcxNTBmMWQwYmQ4MDA1ODQ2ZjE4MmE3NTY4In0=','2019-02-13 10:41:15.132669'),('4l4nny3lxaie328ua3kcgr7zm5eg7a9x','ZGVhZTJjYTE5YzY4ZjJkZGU5NzU2ZWY4ZGRlYjk2NjI3NDBjOTBhMDp7Il9hdXRoX3VzZXJfaWQiOiIyIiwiX2F1dGhfdXNlcl9iYWNrZW5kIjoiZGphbmdvLmNvbnRyaWIuYXV0aC5iYWNrZW5kcy5Nb2RlbEJhY2tlbmQiLCJfYXV0aF91c2VyX2hhc2giOiI2YjdjY2EyOGRlZmJlMDcxNTBmMWQwYmQ4MDA1ODQ2ZjE4MmE3NTY4In0=','2019-02-14 03:55:29.094492'),('4rw5x0ww6cq5u70xn82qvtexx1ldjy68','ZGVhZTJjYTE5YzY4ZjJkZGU5NzU2ZWY4ZGRlYjk2NjI3NDBjOTBhMDp7Il9hdXRoX3VzZXJfaWQiOiIyIiwiX2F1dGhfdXNlcl9iYWNrZW5kIjoiZGphbmdvLmNvbnRyaWIuYXV0aC5iYWNrZW5kcy5Nb2RlbEJhY2tlbmQiLCJfYXV0aF91c2VyX2hhc2giOiI2YjdjY2EyOGRlZmJlMDcxNTBmMWQwYmQ4MDA1ODQ2ZjE4MmE3NTY4In0=','2019-02-18 07:03:12.712018'),('4wrdy6tuh69ucea8mlfzrmxt7l3jmv01','ZGVhZTJjYTE5YzY4ZjJkZGU5NzU2ZWY4ZGRlYjk2NjI3NDBjOTBhMDp7Il9hdXRoX3VzZXJfaWQiOiIyIiwiX2F1dGhfdXNlcl9iYWNrZW5kIjoiZGphbmdvLmNvbnRyaWIuYXV0aC5iYWNrZW5kcy5Nb2RlbEJhY2tlbmQiLCJfYXV0aF91c2VyX2hhc2giOiI2YjdjY2EyOGRlZmJlMDcxNTBmMWQwYmQ4MDA1ODQ2ZjE4MmE3NTY4In0=','2019-02-12 04:20:28.240074'),('5shu19vovwhxq9d3oe3aoh3j2das1n9x','ZGVhZTJjYTE5YzY4ZjJkZGU5NzU2ZWY4ZGRlYjk2NjI3NDBjOTBhMDp7Il9hdXRoX3VzZXJfaWQiOiIyIiwiX2F1dGhfdXNlcl9iYWNrZW5kIjoiZGphbmdvLmNvbnRyaWIuYXV0aC5iYWNrZW5kcy5Nb2RlbEJhY2tlbmQiLCJfYXV0aF91c2VyX2hhc2giOiI2YjdjY2EyOGRlZmJlMDcxNTBmMWQwYmQ4MDA1ODQ2ZjE4MmE3NTY4In0=','2019-02-21 11:03:40.667067'),('6sidp24s8ibuuo8jyvwmr7y4nsqdto3w','YWIyZDcxNWVmMTAwMjhhYTIxMDU2ZThiNTc3YjBhNWIzMGQzNTY1MDp7Il9hdXRoX3VzZXJfaWQiOiIxIiwiX2F1dGhfdXNlcl9iYWNrZW5kIjoiZGphbmdvLmNvbnRyaWIuYXV0aC5iYWNrZW5kcy5Nb2RlbEJhY2tlbmQiLCJfYXV0aF91c2VyX2hhc2giOiJmYmQ2N2RjMWJkZjYwZTZiODJhNjg1NjdhMTE0ZjczN2EwMTllOWMzIn0=','2019-02-12 06:48:13.250166'),('6v4tl7a4whvo8qc9orxbvw8cvzrwe1tt','ZGVhZTJjYTE5YzY4ZjJkZGU5NzU2ZWY4ZGRlYjk2NjI3NDBjOTBhMDp7Il9hdXRoX3VzZXJfaWQiOiIyIiwiX2F1dGhfdXNlcl9iYWNrZW5kIjoiZGphbmdvLmNvbnRyaWIuYXV0aC5iYWNrZW5kcy5Nb2RlbEJhY2tlbmQiLCJfYXV0aF91c2VyX2hhc2giOiI2YjdjY2EyOGRlZmJlMDcxNTBmMWQwYmQ4MDA1ODQ2ZjE4MmE3NTY4In0=','2019-02-21 19:12:15.148522'),('6zqwhcwhyc97ceywfzwhnfc66qtbddvy','ZGVhZTJjYTE5YzY4ZjJkZGU5NzU2ZWY4ZGRlYjk2NjI3NDBjOTBhMDp7Il9hdXRoX3VzZXJfaWQiOiIyIiwiX2F1dGhfdXNlcl9iYWNrZW5kIjoiZGphbmdvLmNvbnRyaWIuYXV0aC5iYWNrZW5kcy5Nb2RlbEJhY2tlbmQiLCJfYXV0aF91c2VyX2hhc2giOiI2YjdjY2EyOGRlZmJlMDcxNTBmMWQwYmQ4MDA1ODQ2ZjE4MmE3NTY4In0=','2019-02-14 04:38:28.978584'),('7dg1f8ufavyv630x4mq464wux7buik1i','ZGVhZTJjYTE5YzY4ZjJkZGU5NzU2ZWY4ZGRlYjk2NjI3NDBjOTBhMDp7Il9hdXRoX3VzZXJfaWQiOiIyIiwiX2F1dGhfdXNlcl9iYWNrZW5kIjoiZGphbmdvLmNvbnRyaWIuYXV0aC5iYWNrZW5kcy5Nb2RlbEJhY2tlbmQiLCJfYXV0aF91c2VyX2hhc2giOiI2YjdjY2EyOGRlZmJlMDcxNTBmMWQwYmQ4MDA1ODQ2ZjE4MmE3NTY4In0=','2019-02-14 06:37:25.829241'),('7fx34q3zqe6kw6hihzy8bhc5dx1w3bza','ZGVhZTJjYTE5YzY4ZjJkZGU5NzU2ZWY4ZGRlYjk2NjI3NDBjOTBhMDp7Il9hdXRoX3VzZXJfaWQiOiIyIiwiX2F1dGhfdXNlcl9iYWNrZW5kIjoiZGphbmdvLmNvbnRyaWIuYXV0aC5iYWNrZW5kcy5Nb2RlbEJhY2tlbmQiLCJfYXV0aF91c2VyX2hhc2giOiI2YjdjY2EyOGRlZmJlMDcxNTBmMWQwYmQ4MDA1ODQ2ZjE4MmE3NTY4In0=','2019-02-25 04:32:02.159225'),('7u69wffjjrkbepak2fekjlxa3rj12pdo','ZGVhZTJjYTE5YzY4ZjJkZGU5NzU2ZWY4ZGRlYjk2NjI3NDBjOTBhMDp7Il9hdXRoX3VzZXJfaWQiOiIyIiwiX2F1dGhfdXNlcl9iYWNrZW5kIjoiZGphbmdvLmNvbnRyaWIuYXV0aC5iYWNrZW5kcy5Nb2RlbEJhY2tlbmQiLCJfYXV0aF91c2VyX2hhc2giOiI2YjdjY2EyOGRlZmJlMDcxNTBmMWQwYmQ4MDA1ODQ2ZjE4MmE3NTY4In0=','2019-02-20 05:08:45.982404'),('85tqr6fxbrceutha01hycpk9tqjhym2h','ZGVhZTJjYTE5YzY4ZjJkZGU5NzU2ZWY4ZGRlYjk2NjI3NDBjOTBhMDp7Il9hdXRoX3VzZXJfaWQiOiIyIiwiX2F1dGhfdXNlcl9iYWNrZW5kIjoiZGphbmdvLmNvbnRyaWIuYXV0aC5iYWNrZW5kcy5Nb2RlbEJhY2tlbmQiLCJfYXV0aF91c2VyX2hhc2giOiI2YjdjY2EyOGRlZmJlMDcxNTBmMWQwYmQ4MDA1ODQ2ZjE4MmE3NTY4In0=','2019-02-15 06:22:35.504317'),('91qkocfwht554czk9qd7mi5wwl21ttqv','ZGVhZTJjYTE5YzY4ZjJkZGU5NzU2ZWY4ZGRlYjk2NjI3NDBjOTBhMDp7Il9hdXRoX3VzZXJfaWQiOiIyIiwiX2F1dGhfdXNlcl9iYWNrZW5kIjoiZGphbmdvLmNvbnRyaWIuYXV0aC5iYWNrZW5kcy5Nb2RlbEJhY2tlbmQiLCJfYXV0aF91c2VyX2hhc2giOiI2YjdjY2EyOGRlZmJlMDcxNTBmMWQwYmQ4MDA1ODQ2ZjE4MmE3NTY4In0=','2019-02-21 09:22:08.263936'),('91tyxvxsue5sx475hn0dco0ov3iyunji','ZGVhZTJjYTE5YzY4ZjJkZGU5NzU2ZWY4ZGRlYjk2NjI3NDBjOTBhMDp7Il9hdXRoX3VzZXJfaWQiOiIyIiwiX2F1dGhfdXNlcl9iYWNrZW5kIjoiZGphbmdvLmNvbnRyaWIuYXV0aC5iYWNrZW5kcy5Nb2RlbEJhY2tlbmQiLCJfYXV0aF91c2VyX2hhc2giOiI2YjdjY2EyOGRlZmJlMDcxNTBmMWQwYmQ4MDA1ODQ2ZjE4MmE3NTY4In0=','2019-02-21 12:46:43.777882'),('97batdyuntz0ujemz0a996wyd01lufov','ZGVhZTJjYTE5YzY4ZjJkZGU5NzU2ZWY4ZGRlYjk2NjI3NDBjOTBhMDp7Il9hdXRoX3VzZXJfaWQiOiIyIiwiX2F1dGhfdXNlcl9iYWNrZW5kIjoiZGphbmdvLmNvbnRyaWIuYXV0aC5iYWNrZW5kcy5Nb2RlbEJhY2tlbmQiLCJfYXV0aF91c2VyX2hhc2giOiI2YjdjY2EyOGRlZmJlMDcxNTBmMWQwYmQ4MDA1ODQ2ZjE4MmE3NTY4In0=','2019-02-22 05:59:40.789945'),('98w7624gq90gejv14na6qoy7j6k9fes2','ZGVhZTJjYTE5YzY4ZjJkZGU5NzU2ZWY4ZGRlYjk2NjI3NDBjOTBhMDp7Il9hdXRoX3VzZXJfaWQiOiIyIiwiX2F1dGhfdXNlcl9iYWNrZW5kIjoiZGphbmdvLmNvbnRyaWIuYXV0aC5iYWNrZW5kcy5Nb2RlbEJhY2tlbmQiLCJfYXV0aF91c2VyX2hhc2giOiI2YjdjY2EyOGRlZmJlMDcxNTBmMWQwYmQ4MDA1ODQ2ZjE4MmE3NTY4In0=','2019-02-15 03:58:17.132323'),('a6h8ck2whfkhu0v948aqwi5zu7yqe37z','ZGVhZTJjYTE5YzY4ZjJkZGU5NzU2ZWY4ZGRlYjk2NjI3NDBjOTBhMDp7Il9hdXRoX3VzZXJfaWQiOiIyIiwiX2F1dGhfdXNlcl9iYWNrZW5kIjoiZGphbmdvLmNvbnRyaWIuYXV0aC5iYWNrZW5kcy5Nb2RlbEJhY2tlbmQiLCJfYXV0aF91c2VyX2hhc2giOiI2YjdjY2EyOGRlZmJlMDcxNTBmMWQwYmQ4MDA1ODQ2ZjE4MmE3NTY4In0=','2019-02-21 16:44:24.027123'),('a6qcuc0i0crdu4te3fnwzhtz297lh09b','ZGVhZTJjYTE5YzY4ZjJkZGU5NzU2ZWY4ZGRlYjk2NjI3NDBjOTBhMDp7Il9hdXRoX3VzZXJfaWQiOiIyIiwiX2F1dGhfdXNlcl9iYWNrZW5kIjoiZGphbmdvLmNvbnRyaWIuYXV0aC5iYWNrZW5kcy5Nb2RlbEJhY2tlbmQiLCJfYXV0aF91c2VyX2hhc2giOiI2YjdjY2EyOGRlZmJlMDcxNTBmMWQwYmQ4MDA1ODQ2ZjE4MmE3NTY4In0=','2019-03-03 17:21:42.121894'),('a8jlqfy7zscluirif4qczgtvrhd2he1z','ZGVhZTJjYTE5YzY4ZjJkZGU5NzU2ZWY4ZGRlYjk2NjI3NDBjOTBhMDp7Il9hdXRoX3VzZXJfaWQiOiIyIiwiX2F1dGhfdXNlcl9iYWNrZW5kIjoiZGphbmdvLmNvbnRyaWIuYXV0aC5iYWNrZW5kcy5Nb2RlbEJhY2tlbmQiLCJfYXV0aF91c2VyX2hhc2giOiI2YjdjY2EyOGRlZmJlMDcxNTBmMWQwYmQ4MDA1ODQ2ZjE4MmE3NTY4In0=','2019-02-14 10:26:13.909177'),('aa106pue69mnoeys92khw2x8fqheoygt','ZGVhZTJjYTE5YzY4ZjJkZGU5NzU2ZWY4ZGRlYjk2NjI3NDBjOTBhMDp7Il9hdXRoX3VzZXJfaWQiOiIyIiwiX2F1dGhfdXNlcl9iYWNrZW5kIjoiZGphbmdvLmNvbnRyaWIuYXV0aC5iYWNrZW5kcy5Nb2RlbEJhY2tlbmQiLCJfYXV0aF91c2VyX2hhc2giOiI2YjdjY2EyOGRlZmJlMDcxNTBmMWQwYmQ4MDA1ODQ2ZjE4MmE3NTY4In0=','2019-02-14 08:39:28.931885'),('acvcbtyp6mrw022yeyfgiwyf3hbxofy9','ZGVhZTJjYTE5YzY4ZjJkZGU5NzU2ZWY4ZGRlYjk2NjI3NDBjOTBhMDp7Il9hdXRoX3VzZXJfaWQiOiIyIiwiX2F1dGhfdXNlcl9iYWNrZW5kIjoiZGphbmdvLmNvbnRyaWIuYXV0aC5iYWNrZW5kcy5Nb2RlbEJhY2tlbmQiLCJfYXV0aF91c2VyX2hhc2giOiI2YjdjY2EyOGRlZmJlMDcxNTBmMWQwYmQ4MDA1ODQ2ZjE4MmE3NTY4In0=','2019-02-14 06:53:06.447041'),('al3i6jgc1l2min5k7xfq6intmbmljzyf','ZGVhZTJjYTE5YzY4ZjJkZGU5NzU2ZWY4ZGRlYjk2NjI3NDBjOTBhMDp7Il9hdXRoX3VzZXJfaWQiOiIyIiwiX2F1dGhfdXNlcl9iYWNrZW5kIjoiZGphbmdvLmNvbnRyaWIuYXV0aC5iYWNrZW5kcy5Nb2RlbEJhY2tlbmQiLCJfYXV0aF91c2VyX2hhc2giOiI2YjdjY2EyOGRlZmJlMDcxNTBmMWQwYmQ4MDA1ODQ2ZjE4MmE3NTY4In0=','2019-02-14 05:47:02.590837'),('alean7438ericj6kjgowyzjgx6yqrmra','ZGVhZTJjYTE5YzY4ZjJkZGU5NzU2ZWY4ZGRlYjk2NjI3NDBjOTBhMDp7Il9hdXRoX3VzZXJfaWQiOiIyIiwiX2F1dGhfdXNlcl9iYWNrZW5kIjoiZGphbmdvLmNvbnRyaWIuYXV0aC5iYWNrZW5kcy5Nb2RlbEJhY2tlbmQiLCJfYXV0aF91c2VyX2hhc2giOiI2YjdjY2EyOGRlZmJlMDcxNTBmMWQwYmQ4MDA1ODQ2ZjE4MmE3NTY4In0=','2019-02-27 12:45:29.711530'),('bcjp0fv6fqprvgmgyiwjl8n8tiktj57u','ZGVhZTJjYTE5YzY4ZjJkZGU5NzU2ZWY4ZGRlYjk2NjI3NDBjOTBhMDp7Il9hdXRoX3VzZXJfaWQiOiIyIiwiX2F1dGhfdXNlcl9iYWNrZW5kIjoiZGphbmdvLmNvbnRyaWIuYXV0aC5iYWNrZW5kcy5Nb2RlbEJhY2tlbmQiLCJfYXV0aF91c2VyX2hhc2giOiI2YjdjY2EyOGRlZmJlMDcxNTBmMWQwYmQ4MDA1ODQ2ZjE4MmE3NTY4In0=','2019-02-14 10:31:35.476569'),('bhr6rrg1kb6xt5u8mta8prj6es99jk8m','ZGVhZTJjYTE5YzY4ZjJkZGU5NzU2ZWY4ZGRlYjk2NjI3NDBjOTBhMDp7Il9hdXRoX3VzZXJfaWQiOiIyIiwiX2F1dGhfdXNlcl9iYWNrZW5kIjoiZGphbmdvLmNvbnRyaWIuYXV0aC5iYWNrZW5kcy5Nb2RlbEJhY2tlbmQiLCJfYXV0aF91c2VyX2hhc2giOiI2YjdjY2EyOGRlZmJlMDcxNTBmMWQwYmQ4MDA1ODQ2ZjE4MmE3NTY4In0=','2019-02-14 10:41:33.261761'),('bjgaogghupv5khschwresoh3yehtbmql','ZGVhZTJjYTE5YzY4ZjJkZGU5NzU2ZWY4ZGRlYjk2NjI3NDBjOTBhMDp7Il9hdXRoX3VzZXJfaWQiOiIyIiwiX2F1dGhfdXNlcl9iYWNrZW5kIjoiZGphbmdvLmNvbnRyaWIuYXV0aC5iYWNrZW5kcy5Nb2RlbEJhY2tlbmQiLCJfYXV0aF91c2VyX2hhc2giOiI2YjdjY2EyOGRlZmJlMDcxNTBmMWQwYmQ4MDA1ODQ2ZjE4MmE3NTY4In0=','2019-02-25 15:38:02.754650'),('bmlxrhcczw5t3qzz9u69j9b0asp5lvvn','ZGVhZTJjYTE5YzY4ZjJkZGU5NzU2ZWY4ZGRlYjk2NjI3NDBjOTBhMDp7Il9hdXRoX3VzZXJfaWQiOiIyIiwiX2F1dGhfdXNlcl9iYWNrZW5kIjoiZGphbmdvLmNvbnRyaWIuYXV0aC5iYWNrZW5kcy5Nb2RlbEJhY2tlbmQiLCJfYXV0aF91c2VyX2hhc2giOiI2YjdjY2EyOGRlZmJlMDcxNTBmMWQwYmQ4MDA1ODQ2ZjE4MmE3NTY4In0=','2019-02-25 09:18:08.540882'),('bph05v8ov4gbtyyqm52dcrlhvfj5z5tf','ZGVhZTJjYTE5YzY4ZjJkZGU5NzU2ZWY4ZGRlYjk2NjI3NDBjOTBhMDp7Il9hdXRoX3VzZXJfaWQiOiIyIiwiX2F1dGhfdXNlcl9iYWNrZW5kIjoiZGphbmdvLmNvbnRyaWIuYXV0aC5iYWNrZW5kcy5Nb2RlbEJhY2tlbmQiLCJfYXV0aF91c2VyX2hhc2giOiI2YjdjY2EyOGRlZmJlMDcxNTBmMWQwYmQ4MDA1ODQ2ZjE4MmE3NTY4In0=','2019-02-15 06:42:49.792265'),('brewc4lel2nbuxet6r1nmhyk87eayd6w','ZGVhZTJjYTE5YzY4ZjJkZGU5NzU2ZWY4ZGRlYjk2NjI3NDBjOTBhMDp7Il9hdXRoX3VzZXJfaWQiOiIyIiwiX2F1dGhfdXNlcl9iYWNrZW5kIjoiZGphbmdvLmNvbnRyaWIuYXV0aC5iYWNrZW5kcy5Nb2RlbEJhY2tlbmQiLCJfYXV0aF91c2VyX2hhc2giOiI2YjdjY2EyOGRlZmJlMDcxNTBmMWQwYmQ4MDA1ODQ2ZjE4MmE3NTY4In0=','2019-02-22 05:37:20.186866'),('c0jqfamzw0qikbg9g6gry916ida45kvl','ZGVhZTJjYTE5YzY4ZjJkZGU5NzU2ZWY4ZGRlYjk2NjI3NDBjOTBhMDp7Il9hdXRoX3VzZXJfaWQiOiIyIiwiX2F1dGhfdXNlcl9iYWNrZW5kIjoiZGphbmdvLmNvbnRyaWIuYXV0aC5iYWNrZW5kcy5Nb2RlbEJhY2tlbmQiLCJfYXV0aF91c2VyX2hhc2giOiI2YjdjY2EyOGRlZmJlMDcxNTBmMWQwYmQ4MDA1ODQ2ZjE4MmE3NTY4In0=','2019-02-15 05:34:18.693628'),('cm4tvncsktxdjosekc2aq1w9304twyqb','ZGVhZTJjYTE5YzY4ZjJkZGU5NzU2ZWY4ZGRlYjk2NjI3NDBjOTBhMDp7Il9hdXRoX3VzZXJfaWQiOiIyIiwiX2F1dGhfdXNlcl9iYWNrZW5kIjoiZGphbmdvLmNvbnRyaWIuYXV0aC5iYWNrZW5kcy5Nb2RlbEJhY2tlbmQiLCJfYXV0aF91c2VyX2hhc2giOiI2YjdjY2EyOGRlZmJlMDcxNTBmMWQwYmQ4MDA1ODQ2ZjE4MmE3NTY4In0=','2019-02-12 04:27:01.161957'),('d20ra98mut5oqj2pmhp6sjfas5albhlu','ZGVhZTJjYTE5YzY4ZjJkZGU5NzU2ZWY4ZGRlYjk2NjI3NDBjOTBhMDp7Il9hdXRoX3VzZXJfaWQiOiIyIiwiX2F1dGhfdXNlcl9iYWNrZW5kIjoiZGphbmdvLmNvbnRyaWIuYXV0aC5iYWNrZW5kcy5Nb2RlbEJhY2tlbmQiLCJfYXV0aF91c2VyX2hhc2giOiI2YjdjY2EyOGRlZmJlMDcxNTBmMWQwYmQ4MDA1ODQ2ZjE4MmE3NTY4In0=','2019-02-14 11:08:23.342457'),('d3js6clntr8slbxpcdltzpiydjfvf7od','ZGVhZTJjYTE5YzY4ZjJkZGU5NzU2ZWY4ZGRlYjk2NjI3NDBjOTBhMDp7Il9hdXRoX3VzZXJfaWQiOiIyIiwiX2F1dGhfdXNlcl9iYWNrZW5kIjoiZGphbmdvLmNvbnRyaWIuYXV0aC5iYWNrZW5kcy5Nb2RlbEJhY2tlbmQiLCJfYXV0aF91c2VyX2hhc2giOiI2YjdjY2EyOGRlZmJlMDcxNTBmMWQwYmQ4MDA1ODQ2ZjE4MmE3NTY4In0=','2019-02-25 05:51:47.618343'),('dje5978ofmcvwirqk9x38rjpy83f2twh','ZGVhZTJjYTE5YzY4ZjJkZGU5NzU2ZWY4ZGRlYjk2NjI3NDBjOTBhMDp7Il9hdXRoX3VzZXJfaWQiOiIyIiwiX2F1dGhfdXNlcl9iYWNrZW5kIjoiZGphbmdvLmNvbnRyaWIuYXV0aC5iYWNrZW5kcy5Nb2RlbEJhY2tlbmQiLCJfYXV0aF91c2VyX2hhc2giOiI2YjdjY2EyOGRlZmJlMDcxNTBmMWQwYmQ4MDA1ODQ2ZjE4MmE3NTY4In0=','2019-02-21 06:36:40.437096'),('ecj5d98cqd62wyirir3jezttgitwg48l','ZGVhZTJjYTE5YzY4ZjJkZGU5NzU2ZWY4ZGRlYjk2NjI3NDBjOTBhMDp7Il9hdXRoX3VzZXJfaWQiOiIyIiwiX2F1dGhfdXNlcl9iYWNrZW5kIjoiZGphbmdvLmNvbnRyaWIuYXV0aC5iYWNrZW5kcy5Nb2RlbEJhY2tlbmQiLCJfYXV0aF91c2VyX2hhc2giOiI2YjdjY2EyOGRlZmJlMDcxNTBmMWQwYmQ4MDA1ODQ2ZjE4MmE3NTY4In0=','2019-02-25 06:50:54.741911'),('enm6mcjojagis7l46lp5o1qq2fddmt8a','ZGVhZTJjYTE5YzY4ZjJkZGU5NzU2ZWY4ZGRlYjk2NjI3NDBjOTBhMDp7Il9hdXRoX3VzZXJfaWQiOiIyIiwiX2F1dGhfdXNlcl9iYWNrZW5kIjoiZGphbmdvLmNvbnRyaWIuYXV0aC5iYWNrZW5kcy5Nb2RlbEJhY2tlbmQiLCJfYXV0aF91c2VyX2hhc2giOiI2YjdjY2EyOGRlZmJlMDcxNTBmMWQwYmQ4MDA1ODQ2ZjE4MmE3NTY4In0=','2019-02-18 11:27:39.201932'),('es87gpf126ozcm23fqjqrwfwijdg61sf','ZGVhZTJjYTE5YzY4ZjJkZGU5NzU2ZWY4ZGRlYjk2NjI3NDBjOTBhMDp7Il9hdXRoX3VzZXJfaWQiOiIyIiwiX2F1dGhfdXNlcl9iYWNrZW5kIjoiZGphbmdvLmNvbnRyaWIuYXV0aC5iYWNrZW5kcy5Nb2RlbEJhY2tlbmQiLCJfYXV0aF91c2VyX2hhc2giOiI2YjdjY2EyOGRlZmJlMDcxNTBmMWQwYmQ4MDA1ODQ2ZjE4MmE3NTY4In0=','2019-02-14 10:06:54.251848'),('eubcxk77skjzvnf126yvo88dz2h1x7wd','ZGVhZTJjYTE5YzY4ZjJkZGU5NzU2ZWY4ZGRlYjk2NjI3NDBjOTBhMDp7Il9hdXRoX3VzZXJfaWQiOiIyIiwiX2F1dGhfdXNlcl9iYWNrZW5kIjoiZGphbmdvLmNvbnRyaWIuYXV0aC5iYWNrZW5kcy5Nb2RlbEJhY2tlbmQiLCJfYXV0aF91c2VyX2hhc2giOiI2YjdjY2EyOGRlZmJlMDcxNTBmMWQwYmQ4MDA1ODQ2ZjE4MmE3NTY4In0=','2019-02-28 15:18:31.438050'),('exfb93vxa46p9gqjk3b3q1rb0y49t14w','ZGVhZTJjYTE5YzY4ZjJkZGU5NzU2ZWY4ZGRlYjk2NjI3NDBjOTBhMDp7Il9hdXRoX3VzZXJfaWQiOiIyIiwiX2F1dGhfdXNlcl9iYWNrZW5kIjoiZGphbmdvLmNvbnRyaWIuYXV0aC5iYWNrZW5kcy5Nb2RlbEJhY2tlbmQiLCJfYXV0aF91c2VyX2hhc2giOiI2YjdjY2EyOGRlZmJlMDcxNTBmMWQwYmQ4MDA1ODQ2ZjE4MmE3NTY4In0=','2019-02-14 04:43:07.763530'),('fscb6unnnt1dk7uzlfe7altgxcjtprvx','ZGVhZTJjYTE5YzY4ZjJkZGU5NzU2ZWY4ZGRlYjk2NjI3NDBjOTBhMDp7Il9hdXRoX3VzZXJfaWQiOiIyIiwiX2F1dGhfdXNlcl9iYWNrZW5kIjoiZGphbmdvLmNvbnRyaWIuYXV0aC5iYWNrZW5kcy5Nb2RlbEJhY2tlbmQiLCJfYXV0aF91c2VyX2hhc2giOiI2YjdjY2EyOGRlZmJlMDcxNTBmMWQwYmQ4MDA1ODQ2ZjE4MmE3NTY4In0=','2019-02-15 09:06:39.503955'),('fxwkhvp7iwi0nj1mmwx01jracj32sxif','ZGVhZTJjYTE5YzY4ZjJkZGU5NzU2ZWY4ZGRlYjk2NjI3NDBjOTBhMDp7Il9hdXRoX3VzZXJfaWQiOiIyIiwiX2F1dGhfdXNlcl9iYWNrZW5kIjoiZGphbmdvLmNvbnRyaWIuYXV0aC5iYWNrZW5kcy5Nb2RlbEJhY2tlbmQiLCJfYXV0aF91c2VyX2hhc2giOiI2YjdjY2EyOGRlZmJlMDcxNTBmMWQwYmQ4MDA1ODQ2ZjE4MmE3NTY4In0=','2019-02-18 09:15:52.820310'),('g0henb9in8su2cd5tpl92ndqdt9g9msf','ZGVhZTJjYTE5YzY4ZjJkZGU5NzU2ZWY4ZGRlYjk2NjI3NDBjOTBhMDp7Il9hdXRoX3VzZXJfaWQiOiIyIiwiX2F1dGhfdXNlcl9iYWNrZW5kIjoiZGphbmdvLmNvbnRyaWIuYXV0aC5iYWNrZW5kcy5Nb2RlbEJhY2tlbmQiLCJfYXV0aF91c2VyX2hhc2giOiI2YjdjY2EyOGRlZmJlMDcxNTBmMWQwYmQ4MDA1ODQ2ZjE4MmE3NTY4In0=','2019-02-12 05:29:49.359149'),('g1g7k7dxxs4ro4szf5awdspkqtbo95x5','YWIyZDcxNWVmMTAwMjhhYTIxMDU2ZThiNTc3YjBhNWIzMGQzNTY1MDp7Il9hdXRoX3VzZXJfaWQiOiIxIiwiX2F1dGhfdXNlcl9iYWNrZW5kIjoiZGphbmdvLmNvbnRyaWIuYXV0aC5iYWNrZW5kcy5Nb2RlbEJhY2tlbmQiLCJfYXV0aF91c2VyX2hhc2giOiJmYmQ2N2RjMWJkZjYwZTZiODJhNjg1NjdhMTE0ZjczN2EwMTllOWMzIn0=','2019-02-11 08:03:18.548693'),('g4xx5eor38gvezlloq0vuwmwit4yprul','ZGVhZTJjYTE5YzY4ZjJkZGU5NzU2ZWY4ZGRlYjk2NjI3NDBjOTBhMDp7Il9hdXRoX3VzZXJfaWQiOiIyIiwiX2F1dGhfdXNlcl9iYWNrZW5kIjoiZGphbmdvLmNvbnRyaWIuYXV0aC5iYWNrZW5kcy5Nb2RlbEJhY2tlbmQiLCJfYXV0aF91c2VyX2hhc2giOiI2YjdjY2EyOGRlZmJlMDcxNTBmMWQwYmQ4MDA1ODQ2ZjE4MmE3NTY4In0=','2019-02-15 04:53:07.875673'),('ggns1z8yoz0kumod2edc550l86853po0','ZGVhZTJjYTE5YzY4ZjJkZGU5NzU2ZWY4ZGRlYjk2NjI3NDBjOTBhMDp7Il9hdXRoX3VzZXJfaWQiOiIyIiwiX2F1dGhfdXNlcl9iYWNrZW5kIjoiZGphbmdvLmNvbnRyaWIuYXV0aC5iYWNrZW5kcy5Nb2RlbEJhY2tlbmQiLCJfYXV0aF91c2VyX2hhc2giOiI2YjdjY2EyOGRlZmJlMDcxNTBmMWQwYmQ4MDA1ODQ2ZjE4MmE3NTY4In0=','2019-02-14 04:35:24.263019'),('h21ipa825m0trf8u6dk31osyzcb2kljg','YWIyZDcxNWVmMTAwMjhhYTIxMDU2ZThiNTc3YjBhNWIzMGQzNTY1MDp7Il9hdXRoX3VzZXJfaWQiOiIxIiwiX2F1dGhfdXNlcl9iYWNrZW5kIjoiZGphbmdvLmNvbnRyaWIuYXV0aC5iYWNrZW5kcy5Nb2RlbEJhY2tlbmQiLCJfYXV0aF91c2VyX2hhc2giOiJmYmQ2N2RjMWJkZjYwZTZiODJhNjg1NjdhMTE0ZjczN2EwMTllOWMzIn0=','2019-02-12 04:40:44.478941'),('h5qsley6jonu7agrbzvsz2i1k59qsghe','ZGVhZTJjYTE5YzY4ZjJkZGU5NzU2ZWY4ZGRlYjk2NjI3NDBjOTBhMDp7Il9hdXRoX3VzZXJfaWQiOiIyIiwiX2F1dGhfdXNlcl9iYWNrZW5kIjoiZGphbmdvLmNvbnRyaWIuYXV0aC5iYWNrZW5kcy5Nb2RlbEJhY2tlbmQiLCJfYXV0aF91c2VyX2hhc2giOiI2YjdjY2EyOGRlZmJlMDcxNTBmMWQwYmQ4MDA1ODQ2ZjE4MmE3NTY4In0=','2019-02-19 15:34:40.167208'),('hbtnpk2exk43bnde2vn3hsug7osozggi','ZGVhZTJjYTE5YzY4ZjJkZGU5NzU2ZWY4ZGRlYjk2NjI3NDBjOTBhMDp7Il9hdXRoX3VzZXJfaWQiOiIyIiwiX2F1dGhfdXNlcl9iYWNrZW5kIjoiZGphbmdvLmNvbnRyaWIuYXV0aC5iYWNrZW5kcy5Nb2RlbEJhY2tlbmQiLCJfYXV0aF91c2VyX2hhc2giOiI2YjdjY2EyOGRlZmJlMDcxNTBmMWQwYmQ4MDA1ODQ2ZjE4MmE3NTY4In0=','2019-02-14 10:44:37.289287'),('hmf4wqo8d8sfsqh7atyqvv0ujriomcor','YWIyZDcxNWVmMTAwMjhhYTIxMDU2ZThiNTc3YjBhNWIzMGQzNTY1MDp7Il9hdXRoX3VzZXJfaWQiOiIxIiwiX2F1dGhfdXNlcl9iYWNrZW5kIjoiZGphbmdvLmNvbnRyaWIuYXV0aC5iYWNrZW5kcy5Nb2RlbEJhY2tlbmQiLCJfYXV0aF91c2VyX2hhc2giOiJmYmQ2N2RjMWJkZjYwZTZiODJhNjg1NjdhMTE0ZjczN2EwMTllOWMzIn0=','2019-02-20 05:35:07.724875'),('hpi6f0p7oo9gxb0qk3b3kjmyqkaoxzld','ZGVhZTJjYTE5YzY4ZjJkZGU5NzU2ZWY4ZGRlYjk2NjI3NDBjOTBhMDp7Il9hdXRoX3VzZXJfaWQiOiIyIiwiX2F1dGhfdXNlcl9iYWNrZW5kIjoiZGphbmdvLmNvbnRyaWIuYXV0aC5iYWNrZW5kcy5Nb2RlbEJhY2tlbmQiLCJfYXV0aF91c2VyX2hhc2giOiI2YjdjY2EyOGRlZmJlMDcxNTBmMWQwYmQ4MDA1ODQ2ZjE4MmE3NTY4In0=','2019-02-21 17:56:50.958754'),('hr9fjrvv8e1h4eedb4y8oqzrbwp0etq9','ZGVhZTJjYTE5YzY4ZjJkZGU5NzU2ZWY4ZGRlYjk2NjI3NDBjOTBhMDp7Il9hdXRoX3VzZXJfaWQiOiIyIiwiX2F1dGhfdXNlcl9iYWNrZW5kIjoiZGphbmdvLmNvbnRyaWIuYXV0aC5iYWNrZW5kcy5Nb2RlbEJhY2tlbmQiLCJfYXV0aF91c2VyX2hhc2giOiI2YjdjY2EyOGRlZmJlMDcxNTBmMWQwYmQ4MDA1ODQ2ZjE4MmE3NTY4In0=','2019-03-02 15:18:16.095972'),('hva06hbxyfbh1l1rcjm8qaa4hu6lt34p','ZGVhZTJjYTE5YzY4ZjJkZGU5NzU2ZWY4ZGRlYjk2NjI3NDBjOTBhMDp7Il9hdXRoX3VzZXJfaWQiOiIyIiwiX2F1dGhfdXNlcl9iYWNrZW5kIjoiZGphbmdvLmNvbnRyaWIuYXV0aC5iYWNrZW5kcy5Nb2RlbEJhY2tlbmQiLCJfYXV0aF91c2VyX2hhc2giOiI2YjdjY2EyOGRlZmJlMDcxNTBmMWQwYmQ4MDA1ODQ2ZjE4MmE3NTY4In0=','2019-02-21 05:16:53.234284'),('hz8n8cv4rat4vsyznkozt022rhn2w134','ZGVhZTJjYTE5YzY4ZjJkZGU5NzU2ZWY4ZGRlYjk2NjI3NDBjOTBhMDp7Il9hdXRoX3VzZXJfaWQiOiIyIiwiX2F1dGhfdXNlcl9iYWNrZW5kIjoiZGphbmdvLmNvbnRyaWIuYXV0aC5iYWNrZW5kcy5Nb2RlbEJhY2tlbmQiLCJfYXV0aF91c2VyX2hhc2giOiI2YjdjY2EyOGRlZmJlMDcxNTBmMWQwYmQ4MDA1ODQ2ZjE4MmE3NTY4In0=','2019-02-18 03:21:05.758556'),('hzv110y99wwcsaelr7h81k0ox8hfn4id','ZGVhZTJjYTE5YzY4ZjJkZGU5NzU2ZWY4ZGRlYjk2NjI3NDBjOTBhMDp7Il9hdXRoX3VzZXJfaWQiOiIyIiwiX2F1dGhfdXNlcl9iYWNrZW5kIjoiZGphbmdvLmNvbnRyaWIuYXV0aC5iYWNrZW5kcy5Nb2RlbEJhY2tlbmQiLCJfYXV0aF91c2VyX2hhc2giOiI2YjdjY2EyOGRlZmJlMDcxNTBmMWQwYmQ4MDA1ODQ2ZjE4MmE3NTY4In0=','2019-02-14 10:02:07.535449'),('itbvnqy421vggq4vzc6xeklsfgj4prm5','ZGVhZTJjYTE5YzY4ZjJkZGU5NzU2ZWY4ZGRlYjk2NjI3NDBjOTBhMDp7Il9hdXRoX3VzZXJfaWQiOiIyIiwiX2F1dGhfdXNlcl9iYWNrZW5kIjoiZGphbmdvLmNvbnRyaWIuYXV0aC5iYWNrZW5kcy5Nb2RlbEJhY2tlbmQiLCJfYXV0aF91c2VyX2hhc2giOiI2YjdjY2EyOGRlZmJlMDcxNTBmMWQwYmQ4MDA1ODQ2ZjE4MmE3NTY4In0=','2019-02-26 06:14:07.383423'),('itp2eaxv9aawxtocxvkq93a4607tc3im','ZGVhZTJjYTE5YzY4ZjJkZGU5NzU2ZWY4ZGRlYjk2NjI3NDBjOTBhMDp7Il9hdXRoX3VzZXJfaWQiOiIyIiwiX2F1dGhfdXNlcl9iYWNrZW5kIjoiZGphbmdvLmNvbnRyaWIuYXV0aC5iYWNrZW5kcy5Nb2RlbEJhY2tlbmQiLCJfYXV0aF91c2VyX2hhc2giOiI2YjdjY2EyOGRlZmJlMDcxNTBmMWQwYmQ4MDA1ODQ2ZjE4MmE3NTY4In0=','2019-02-14 08:45:07.652258'),('iwq39mtpy6ua1tnvhlc5hg8501gg7cg7','ZGVhZTJjYTE5YzY4ZjJkZGU5NzU2ZWY4ZGRlYjk2NjI3NDBjOTBhMDp7Il9hdXRoX3VzZXJfaWQiOiIyIiwiX2F1dGhfdXNlcl9iYWNrZW5kIjoiZGphbmdvLmNvbnRyaWIuYXV0aC5iYWNrZW5kcy5Nb2RlbEJhY2tlbmQiLCJfYXV0aF91c2VyX2hhc2giOiI2YjdjY2EyOGRlZmJlMDcxNTBmMWQwYmQ4MDA1ODQ2ZjE4MmE3NTY4In0=','2019-02-14 08:01:31.986341'),('j2hg0tmvtza9ddohlnfclns8xm4tuiaq','ZGVhZTJjYTE5YzY4ZjJkZGU5NzU2ZWY4ZGRlYjk2NjI3NDBjOTBhMDp7Il9hdXRoX3VzZXJfaWQiOiIyIiwiX2F1dGhfdXNlcl9iYWNrZW5kIjoiZGphbmdvLmNvbnRyaWIuYXV0aC5iYWNrZW5kcy5Nb2RlbEJhY2tlbmQiLCJfYXV0aF91c2VyX2hhc2giOiI2YjdjY2EyOGRlZmJlMDcxNTBmMWQwYmQ4MDA1ODQ2ZjE4MmE3NTY4In0=','2019-02-15 05:22:20.389544'),('jdn7g3pf78ue7iv1kqgfgt6qvsmt9qlm','ZGVhZTJjYTE5YzY4ZjJkZGU5NzU2ZWY4ZGRlYjk2NjI3NDBjOTBhMDp7Il9hdXRoX3VzZXJfaWQiOiIyIiwiX2F1dGhfdXNlcl9iYWNrZW5kIjoiZGphbmdvLmNvbnRyaWIuYXV0aC5iYWNrZW5kcy5Nb2RlbEJhY2tlbmQiLCJfYXV0aF91c2VyX2hhc2giOiI2YjdjY2EyOGRlZmJlMDcxNTBmMWQwYmQ4MDA1ODQ2ZjE4MmE3NTY4In0=','2019-02-25 07:59:12.967762'),('jgtffnecezj4h6sy7g71e0ar9wyn4nyo','ZGVhZTJjYTE5YzY4ZjJkZGU5NzU2ZWY4ZGRlYjk2NjI3NDBjOTBhMDp7Il9hdXRoX3VzZXJfaWQiOiIyIiwiX2F1dGhfdXNlcl9iYWNrZW5kIjoiZGphbmdvLmNvbnRyaWIuYXV0aC5iYWNrZW5kcy5Nb2RlbEJhY2tlbmQiLCJfYXV0aF91c2VyX2hhc2giOiI2YjdjY2EyOGRlZmJlMDcxNTBmMWQwYmQ4MDA1ODQ2ZjE4MmE3NTY4In0=','2019-02-15 05:33:48.657911'),('jsztd3gzbmhwgkhuen1uj1g4ayqivqj7','ZGVhZTJjYTE5YzY4ZjJkZGU5NzU2ZWY4ZGRlYjk2NjI3NDBjOTBhMDp7Il9hdXRoX3VzZXJfaWQiOiIyIiwiX2F1dGhfdXNlcl9iYWNrZW5kIjoiZGphbmdvLmNvbnRyaWIuYXV0aC5iYWNrZW5kcy5Nb2RlbEJhY2tlbmQiLCJfYXV0aF91c2VyX2hhc2giOiI2YjdjY2EyOGRlZmJlMDcxNTBmMWQwYmQ4MDA1ODQ2ZjE4MmE3NTY4In0=','2019-02-15 08:26:19.798673'),('k3vm034anio7wo6wiuuadfq8iuz4ljgi','ZGVhZTJjYTE5YzY4ZjJkZGU5NzU2ZWY4ZGRlYjk2NjI3NDBjOTBhMDp7Il9hdXRoX3VzZXJfaWQiOiIyIiwiX2F1dGhfdXNlcl9iYWNrZW5kIjoiZGphbmdvLmNvbnRyaWIuYXV0aC5iYWNrZW5kcy5Nb2RlbEJhY2tlbmQiLCJfYXV0aF91c2VyX2hhc2giOiI2YjdjY2EyOGRlZmJlMDcxNTBmMWQwYmQ4MDA1ODQ2ZjE4MmE3NTY4In0=','2019-02-14 05:33:03.385837'),('kb3x3xgt3j7fluc56p53ci14tq500jch','ZGVhZTJjYTE5YzY4ZjJkZGU5NzU2ZWY4ZGRlYjk2NjI3NDBjOTBhMDp7Il9hdXRoX3VzZXJfaWQiOiIyIiwiX2F1dGhfdXNlcl9iYWNrZW5kIjoiZGphbmdvLmNvbnRyaWIuYXV0aC5iYWNrZW5kcy5Nb2RlbEJhY2tlbmQiLCJfYXV0aF91c2VyX2hhc2giOiI2YjdjY2EyOGRlZmJlMDcxNTBmMWQwYmQ4MDA1ODQ2ZjE4MmE3NTY4In0=','2019-02-12 05:43:51.414312'),('l4ixsyym4rfapqtioao6lrbvr3my474z','ZGVhZTJjYTE5YzY4ZjJkZGU5NzU2ZWY4ZGRlYjk2NjI3NDBjOTBhMDp7Il9hdXRoX3VzZXJfaWQiOiIyIiwiX2F1dGhfdXNlcl9iYWNrZW5kIjoiZGphbmdvLmNvbnRyaWIuYXV0aC5iYWNrZW5kcy5Nb2RlbEJhY2tlbmQiLCJfYXV0aF91c2VyX2hhc2giOiI2YjdjY2EyOGRlZmJlMDcxNTBmMWQwYmQ4MDA1ODQ2ZjE4MmE3NTY4In0=','2019-02-15 05:54:07.828643'),('l9miq3gfrizzxy6if2ypfwby9eshlk28','ZGVhZTJjYTE5YzY4ZjJkZGU5NzU2ZWY4ZGRlYjk2NjI3NDBjOTBhMDp7Il9hdXRoX3VzZXJfaWQiOiIyIiwiX2F1dGhfdXNlcl9iYWNrZW5kIjoiZGphbmdvLmNvbnRyaWIuYXV0aC5iYWNrZW5kcy5Nb2RlbEJhY2tlbmQiLCJfYXV0aF91c2VyX2hhc2giOiI2YjdjY2EyOGRlZmJlMDcxNTBmMWQwYmQ4MDA1ODQ2ZjE4MmE3NTY4In0=','2019-02-12 04:20:39.553721'),('ljstp0hko8du9rs6t45rrqcuenak3thp','ZGVhZTJjYTE5YzY4ZjJkZGU5NzU2ZWY4ZGRlYjk2NjI3NDBjOTBhMDp7Il9hdXRoX3VzZXJfaWQiOiIyIiwiX2F1dGhfdXNlcl9iYWNrZW5kIjoiZGphbmdvLmNvbnRyaWIuYXV0aC5iYWNrZW5kcy5Nb2RlbEJhY2tlbmQiLCJfYXV0aF91c2VyX2hhc2giOiI2YjdjY2EyOGRlZmJlMDcxNTBmMWQwYmQ4MDA1ODQ2ZjE4MmE3NTY4In0=','2019-02-13 09:43:55.938270'),('lxu45smupywi9emp8je7x02dq46pesjv','ZGVhZTJjYTE5YzY4ZjJkZGU5NzU2ZWY4ZGRlYjk2NjI3NDBjOTBhMDp7Il9hdXRoX3VzZXJfaWQiOiIyIiwiX2F1dGhfdXNlcl9iYWNrZW5kIjoiZGphbmdvLmNvbnRyaWIuYXV0aC5iYWNrZW5kcy5Nb2RlbEJhY2tlbmQiLCJfYXV0aF91c2VyX2hhc2giOiI2YjdjY2EyOGRlZmJlMDcxNTBmMWQwYmQ4MDA1ODQ2ZjE4MmE3NTY4In0=','2019-02-18 04:21:11.085610'),('movti7u9ryz5tklb4r4p9ux6077eeuko','YWIyZDcxNWVmMTAwMjhhYTIxMDU2ZThiNTc3YjBhNWIzMGQzNTY1MDp7Il9hdXRoX3VzZXJfaWQiOiIxIiwiX2F1dGhfdXNlcl9iYWNrZW5kIjoiZGphbmdvLmNvbnRyaWIuYXV0aC5iYWNrZW5kcy5Nb2RlbEJhY2tlbmQiLCJfYXV0aF91c2VyX2hhc2giOiJmYmQ2N2RjMWJkZjYwZTZiODJhNjg1NjdhMTE0ZjczN2EwMTllOWMzIn0=','2019-02-20 17:00:38.254808'),('n51zamcuqsowcph0lct7dyuz8twfuayb','ZGVhZTJjYTE5YzY4ZjJkZGU5NzU2ZWY4ZGRlYjk2NjI3NDBjOTBhMDp7Il9hdXRoX3VzZXJfaWQiOiIyIiwiX2F1dGhfdXNlcl9iYWNrZW5kIjoiZGphbmdvLmNvbnRyaWIuYXV0aC5iYWNrZW5kcy5Nb2RlbEJhY2tlbmQiLCJfYXV0aF91c2VyX2hhc2giOiI2YjdjY2EyOGRlZmJlMDcxNTBmMWQwYmQ4MDA1ODQ2ZjE4MmE3NTY4In0=','2019-02-13 08:06:20.152833'),('n7y5f9216uuhfo7b9mxjejc2lub44451','ZGVhZTJjYTE5YzY4ZjJkZGU5NzU2ZWY4ZGRlYjk2NjI3NDBjOTBhMDp7Il9hdXRoX3VzZXJfaWQiOiIyIiwiX2F1dGhfdXNlcl9iYWNrZW5kIjoiZGphbmdvLmNvbnRyaWIuYXV0aC5iYWNrZW5kcy5Nb2RlbEJhY2tlbmQiLCJfYXV0aF91c2VyX2hhc2giOiI2YjdjY2EyOGRlZmJlMDcxNTBmMWQwYmQ4MDA1ODQ2ZjE4MmE3NTY4In0=','2019-02-15 09:30:48.276820'),('nkff3b7n6kbbbkluzhb482vp86aq5dza','ZGVhZTJjYTE5YzY4ZjJkZGU5NzU2ZWY4ZGRlYjk2NjI3NDBjOTBhMDp7Il9hdXRoX3VzZXJfaWQiOiIyIiwiX2F1dGhfdXNlcl9iYWNrZW5kIjoiZGphbmdvLmNvbnRyaWIuYXV0aC5iYWNrZW5kcy5Nb2RlbEJhY2tlbmQiLCJfYXV0aF91c2VyX2hhc2giOiI2YjdjY2EyOGRlZmJlMDcxNTBmMWQwYmQ4MDA1ODQ2ZjE4MmE3NTY4In0=','2019-02-13 11:29:40.624853'),('nr02i4ps33q4eqqbuee93wnp4zpmuus2','YWIyZDcxNWVmMTAwMjhhYTIxMDU2ZThiNTc3YjBhNWIzMGQzNTY1MDp7Il9hdXRoX3VzZXJfaWQiOiIxIiwiX2F1dGhfdXNlcl9iYWNrZW5kIjoiZGphbmdvLmNvbnRyaWIuYXV0aC5iYWNrZW5kcy5Nb2RlbEJhY2tlbmQiLCJfYXV0aF91c2VyX2hhc2giOiJmYmQ2N2RjMWJkZjYwZTZiODJhNjg1NjdhMTE0ZjczN2EwMTllOWMzIn0=','2019-02-12 05:47:44.750583'),('nw4brk3u0gmmlkkmj4po6sfy9ao9nvfl','ZGVhZTJjYTE5YzY4ZjJkZGU5NzU2ZWY4ZGRlYjk2NjI3NDBjOTBhMDp7Il9hdXRoX3VzZXJfaWQiOiIyIiwiX2F1dGhfdXNlcl9iYWNrZW5kIjoiZGphbmdvLmNvbnRyaWIuYXV0aC5iYWNrZW5kcy5Nb2RlbEJhY2tlbmQiLCJfYXV0aF91c2VyX2hhc2giOiI2YjdjY2EyOGRlZmJlMDcxNTBmMWQwYmQ4MDA1ODQ2ZjE4MmE3NTY4In0=','2019-02-12 04:59:40.188670'),('nwjzvz7d6woo92nqd37pj6939klfroxj','YWIyZDcxNWVmMTAwMjhhYTIxMDU2ZThiNTc3YjBhNWIzMGQzNTY1MDp7Il9hdXRoX3VzZXJfaWQiOiIxIiwiX2F1dGhfdXNlcl9iYWNrZW5kIjoiZGphbmdvLmNvbnRyaWIuYXV0aC5iYWNrZW5kcy5Nb2RlbEJhY2tlbmQiLCJfYXV0aF91c2VyX2hhc2giOiJmYmQ2N2RjMWJkZjYwZTZiODJhNjg1NjdhMTE0ZjczN2EwMTllOWMzIn0=','2019-02-28 05:53:39.326610'),('nynwlcwx3ckr3e678wuvr18freqzr9gw','ZGVhZTJjYTE5YzY4ZjJkZGU5NzU2ZWY4ZGRlYjk2NjI3NDBjOTBhMDp7Il9hdXRoX3VzZXJfaWQiOiIyIiwiX2F1dGhfdXNlcl9iYWNrZW5kIjoiZGphbmdvLmNvbnRyaWIuYXV0aC5iYWNrZW5kcy5Nb2RlbEJhY2tlbmQiLCJfYXV0aF91c2VyX2hhc2giOiI2YjdjY2EyOGRlZmJlMDcxNTBmMWQwYmQ4MDA1ODQ2ZjE4MmE3NTY4In0=','2019-02-22 04:47:49.828639'),('o3b7id3ftmfm1nijmzz6kbce4b22ndo9','ZGVhZTJjYTE5YzY4ZjJkZGU5NzU2ZWY4ZGRlYjk2NjI3NDBjOTBhMDp7Il9hdXRoX3VzZXJfaWQiOiIyIiwiX2F1dGhfdXNlcl9iYWNrZW5kIjoiZGphbmdvLmNvbnRyaWIuYXV0aC5iYWNrZW5kcy5Nb2RlbEJhY2tlbmQiLCJfYXV0aF91c2VyX2hhc2giOiI2YjdjY2EyOGRlZmJlMDcxNTBmMWQwYmQ4MDA1ODQ2ZjE4MmE3NTY4In0=','2019-02-14 12:06:28.926821'),('ob45ocsu5qi6vp7fx3ljswf03l0v51rm','YWIyZDcxNWVmMTAwMjhhYTIxMDU2ZThiNTc3YjBhNWIzMGQzNTY1MDp7Il9hdXRoX3VzZXJfaWQiOiIxIiwiX2F1dGhfdXNlcl9iYWNrZW5kIjoiZGphbmdvLmNvbnRyaWIuYXV0aC5iYWNrZW5kcy5Nb2RlbEJhY2tlbmQiLCJfYXV0aF91c2VyX2hhc2giOiJmYmQ2N2RjMWJkZjYwZTZiODJhNjg1NjdhMTE0ZjczN2EwMTllOWMzIn0=','2019-02-27 12:44:13.673181'),('p1a02fub9t6af9nkh7fn1gtnv8l6p83o','ZGVhZTJjYTE5YzY4ZjJkZGU5NzU2ZWY4ZGRlYjk2NjI3NDBjOTBhMDp7Il9hdXRoX3VzZXJfaWQiOiIyIiwiX2F1dGhfdXNlcl9iYWNrZW5kIjoiZGphbmdvLmNvbnRyaWIuYXV0aC5iYWNrZW5kcy5Nb2RlbEJhY2tlbmQiLCJfYXV0aF91c2VyX2hhc2giOiI2YjdjY2EyOGRlZmJlMDcxNTBmMWQwYmQ4MDA1ODQ2ZjE4MmE3NTY4In0=','2019-03-03 13:42:29.093209'),('p8r333lmnzu3bfueittc1dth5rsap3s0','ZGVhZTJjYTE5YzY4ZjJkZGU5NzU2ZWY4ZGRlYjk2NjI3NDBjOTBhMDp7Il9hdXRoX3VzZXJfaWQiOiIyIiwiX2F1dGhfdXNlcl9iYWNrZW5kIjoiZGphbmdvLmNvbnRyaWIuYXV0aC5iYWNrZW5kcy5Nb2RlbEJhY2tlbmQiLCJfYXV0aF91c2VyX2hhc2giOiI2YjdjY2EyOGRlZmJlMDcxNTBmMWQwYmQ4MDA1ODQ2ZjE4MmE3NTY4In0=','2019-02-13 10:28:22.846496'),('pnac0xywumh10ef8d4a9btba8et2luo2','ZGVhZTJjYTE5YzY4ZjJkZGU5NzU2ZWY4ZGRlYjk2NjI3NDBjOTBhMDp7Il9hdXRoX3VzZXJfaWQiOiIyIiwiX2F1dGhfdXNlcl9iYWNrZW5kIjoiZGphbmdvLmNvbnRyaWIuYXV0aC5iYWNrZW5kcy5Nb2RlbEJhY2tlbmQiLCJfYXV0aF91c2VyX2hhc2giOiI2YjdjY2EyOGRlZmJlMDcxNTBmMWQwYmQ4MDA1ODQ2ZjE4MmE3NTY4In0=','2019-03-01 08:24:29.782534'),('px114emdtm08a9leegj1tl0wfy9x7md9','ZGVhZTJjYTE5YzY4ZjJkZGU5NzU2ZWY4ZGRlYjk2NjI3NDBjOTBhMDp7Il9hdXRoX3VzZXJfaWQiOiIyIiwiX2F1dGhfdXNlcl9iYWNrZW5kIjoiZGphbmdvLmNvbnRyaWIuYXV0aC5iYWNrZW5kcy5Nb2RlbEJhY2tlbmQiLCJfYXV0aF91c2VyX2hhc2giOiI2YjdjY2EyOGRlZmJlMDcxNTBmMWQwYmQ4MDA1ODQ2ZjE4MmE3NTY4In0=','2019-02-14 05:24:45.104337'),('qj1ncfuyg209w4ge05k54fscs12gor67','ZGVhZTJjYTE5YzY4ZjJkZGU5NzU2ZWY4ZGRlYjk2NjI3NDBjOTBhMDp7Il9hdXRoX3VzZXJfaWQiOiIyIiwiX2F1dGhfdXNlcl9iYWNrZW5kIjoiZGphbmdvLmNvbnRyaWIuYXV0aC5iYWNrZW5kcy5Nb2RlbEJhY2tlbmQiLCJfYXV0aF91c2VyX2hhc2giOiI2YjdjY2EyOGRlZmJlMDcxNTBmMWQwYmQ4MDA1ODQ2ZjE4MmE3NTY4In0=','2019-02-14 06:47:02.411219'),('r230sy9tztcwxs4pitj5ud2yorfw7rf5','ZGVhZTJjYTE5YzY4ZjJkZGU5NzU2ZWY4ZGRlYjk2NjI3NDBjOTBhMDp7Il9hdXRoX3VzZXJfaWQiOiIyIiwiX2F1dGhfdXNlcl9iYWNrZW5kIjoiZGphbmdvLmNvbnRyaWIuYXV0aC5iYWNrZW5kcy5Nb2RlbEJhY2tlbmQiLCJfYXV0aF91c2VyX2hhc2giOiI2YjdjY2EyOGRlZmJlMDcxNTBmMWQwYmQ4MDA1ODQ2ZjE4MmE3NTY4In0=','2019-02-13 07:05:50.005200'),('s0l8gtnl2he7uh11ixnnt9ij5rgo43p0','ZGVhZTJjYTE5YzY4ZjJkZGU5NzU2ZWY4ZGRlYjk2NjI3NDBjOTBhMDp7Il9hdXRoX3VzZXJfaWQiOiIyIiwiX2F1dGhfdXNlcl9iYWNrZW5kIjoiZGphbmdvLmNvbnRyaWIuYXV0aC5iYWNrZW5kcy5Nb2RlbEJhY2tlbmQiLCJfYXV0aF91c2VyX2hhc2giOiI2YjdjY2EyOGRlZmJlMDcxNTBmMWQwYmQ4MDA1ODQ2ZjE4MmE3NTY4In0=','2019-02-20 06:20:34.324827'),('s9bpv4k0709wty1g9mwu4f0qoas4kfqg','ZGVhZTJjYTE5YzY4ZjJkZGU5NzU2ZWY4ZGRlYjk2NjI3NDBjOTBhMDp7Il9hdXRoX3VzZXJfaWQiOiIyIiwiX2F1dGhfdXNlcl9iYWNrZW5kIjoiZGphbmdvLmNvbnRyaWIuYXV0aC5iYWNrZW5kcy5Nb2RlbEJhY2tlbmQiLCJfYXV0aF91c2VyX2hhc2giOiI2YjdjY2EyOGRlZmJlMDcxNTBmMWQwYmQ4MDA1ODQ2ZjE4MmE3NTY4In0=','2019-02-15 03:52:46.345403'),('sdgrayij95n6667z3w1v3wedksjhdpps','ZGVhZTJjYTE5YzY4ZjJkZGU5NzU2ZWY4ZGRlYjk2NjI3NDBjOTBhMDp7Il9hdXRoX3VzZXJfaWQiOiIyIiwiX2F1dGhfdXNlcl9iYWNrZW5kIjoiZGphbmdvLmNvbnRyaWIuYXV0aC5iYWNrZW5kcy5Nb2RlbEJhY2tlbmQiLCJfYXV0aF91c2VyX2hhc2giOiI2YjdjY2EyOGRlZmJlMDcxNTBmMWQwYmQ4MDA1ODQ2ZjE4MmE3NTY4In0=','2019-02-13 09:55:55.090403'),('shdiy4ov9ch06t1a9tzpfj6oliaw3wuj','YWIyZDcxNWVmMTAwMjhhYTIxMDU2ZThiNTc3YjBhNWIzMGQzNTY1MDp7Il9hdXRoX3VzZXJfaWQiOiIxIiwiX2F1dGhfdXNlcl9iYWNrZW5kIjoiZGphbmdvLmNvbnRyaWIuYXV0aC5iYWNrZW5kcy5Nb2RlbEJhY2tlbmQiLCJfYXV0aF91c2VyX2hhc2giOiJmYmQ2N2RjMWJkZjYwZTZiODJhNjg1NjdhMTE0ZjczN2EwMTllOWMzIn0=','2019-02-12 05:40:47.864813'),('slsd2wdj4kkwb5j5opqzxin1q832jb0a','ZGVhZTJjYTE5YzY4ZjJkZGU5NzU2ZWY4ZGRlYjk2NjI3NDBjOTBhMDp7Il9hdXRoX3VzZXJfaWQiOiIyIiwiX2F1dGhfdXNlcl9iYWNrZW5kIjoiZGphbmdvLmNvbnRyaWIuYXV0aC5iYWNrZW5kcy5Nb2RlbEJhY2tlbmQiLCJfYXV0aF91c2VyX2hhc2giOiI2YjdjY2EyOGRlZmJlMDcxNTBmMWQwYmQ4MDA1ODQ2ZjE4MmE3NTY4In0=','2019-02-14 08:35:26.881040'),('smtudkx4gfhtouhlj09c05sd73wa81cj','YWIyZDcxNWVmMTAwMjhhYTIxMDU2ZThiNTc3YjBhNWIzMGQzNTY1MDp7Il9hdXRoX3VzZXJfaWQiOiIxIiwiX2F1dGhfdXNlcl9iYWNrZW5kIjoiZGphbmdvLmNvbnRyaWIuYXV0aC5iYWNrZW5kcy5Nb2RlbEJhY2tlbmQiLCJfYXV0aF91c2VyX2hhc2giOiJmYmQ2N2RjMWJkZjYwZTZiODJhNjg1NjdhMTE0ZjczN2EwMTllOWMzIn0=','2019-02-18 08:59:46.068740'),('spsaa7gbg07mej12c1mo1980bjx4shpc','ZGVhZTJjYTE5YzY4ZjJkZGU5NzU2ZWY4ZGRlYjk2NjI3NDBjOTBhMDp7Il9hdXRoX3VzZXJfaWQiOiIyIiwiX2F1dGhfdXNlcl9iYWNrZW5kIjoiZGphbmdvLmNvbnRyaWIuYXV0aC5iYWNrZW5kcy5Nb2RlbEJhY2tlbmQiLCJfYXV0aF91c2VyX2hhc2giOiI2YjdjY2EyOGRlZmJlMDcxNTBmMWQwYmQ4MDA1ODQ2ZjE4MmE3NTY4In0=','2019-02-18 07:57:37.975780'),('sv2gtmvt91xyd0uahcnsehccy36jliyl','ZGVhZTJjYTE5YzY4ZjJkZGU5NzU2ZWY4ZGRlYjk2NjI3NDBjOTBhMDp7Il9hdXRoX3VzZXJfaWQiOiIyIiwiX2F1dGhfdXNlcl9iYWNrZW5kIjoiZGphbmdvLmNvbnRyaWIuYXV0aC5iYWNrZW5kcy5Nb2RlbEJhY2tlbmQiLCJfYXV0aF91c2VyX2hhc2giOiI2YjdjY2EyOGRlZmJlMDcxNTBmMWQwYmQ4MDA1ODQ2ZjE4MmE3NTY4In0=','2019-02-15 07:14:30.580229'),('szih9a5off6m2p0de1swtkum8xuh2lmv','ZGVhZTJjYTE5YzY4ZjJkZGU5NzU2ZWY4ZGRlYjk2NjI3NDBjOTBhMDp7Il9hdXRoX3VzZXJfaWQiOiIyIiwiX2F1dGhfdXNlcl9iYWNrZW5kIjoiZGphbmdvLmNvbnRyaWIuYXV0aC5iYWNrZW5kcy5Nb2RlbEJhY2tlbmQiLCJfYXV0aF91c2VyX2hhc2giOiI2YjdjY2EyOGRlZmJlMDcxNTBmMWQwYmQ4MDA1ODQ2ZjE4MmE3NTY4In0=','2019-02-14 08:15:09.543412'),('szm9i6h8d453om2pvsrbxybqcl90wwxc','ZGVhZTJjYTE5YzY4ZjJkZGU5NzU2ZWY4ZGRlYjk2NjI3NDBjOTBhMDp7Il9hdXRoX3VzZXJfaWQiOiIyIiwiX2F1dGhfdXNlcl9iYWNrZW5kIjoiZGphbmdvLmNvbnRyaWIuYXV0aC5iYWNrZW5kcy5Nb2RlbEJhY2tlbmQiLCJfYXV0aF91c2VyX2hhc2giOiI2YjdjY2EyOGRlZmJlMDcxNTBmMWQwYmQ4MDA1ODQ2ZjE4MmE3NTY4In0=','2019-02-28 16:37:46.402570'),('tfk2sq2f8479b7ekrhxfhmz6n3j65v70','ZGVhZTJjYTE5YzY4ZjJkZGU5NzU2ZWY4ZGRlYjk2NjI3NDBjOTBhMDp7Il9hdXRoX3VzZXJfaWQiOiIyIiwiX2F1dGhfdXNlcl9iYWNrZW5kIjoiZGphbmdvLmNvbnRyaWIuYXV0aC5iYWNrZW5kcy5Nb2RlbEJhY2tlbmQiLCJfYXV0aF91c2VyX2hhc2giOiI2YjdjY2EyOGRlZmJlMDcxNTBmMWQwYmQ4MDA1ODQ2ZjE4MmE3NTY4In0=','2019-02-15 08:27:18.725044'),('ti2xqi6t5iy45hs8pvo7nhxyyc6pn69b','ZGVhZTJjYTE5YzY4ZjJkZGU5NzU2ZWY4ZGRlYjk2NjI3NDBjOTBhMDp7Il9hdXRoX3VzZXJfaWQiOiIyIiwiX2F1dGhfdXNlcl9iYWNrZW5kIjoiZGphbmdvLmNvbnRyaWIuYXV0aC5iYWNrZW5kcy5Nb2RlbEJhY2tlbmQiLCJfYXV0aF91c2VyX2hhc2giOiI2YjdjY2EyOGRlZmJlMDcxNTBmMWQwYmQ4MDA1ODQ2ZjE4MmE3NTY4In0=','2019-02-11 08:28:26.656952'),('u4ug81zn288l23909qc3aie48adl653a','ZGVhZTJjYTE5YzY4ZjJkZGU5NzU2ZWY4ZGRlYjk2NjI3NDBjOTBhMDp7Il9hdXRoX3VzZXJfaWQiOiIyIiwiX2F1dGhfdXNlcl9iYWNrZW5kIjoiZGphbmdvLmNvbnRyaWIuYXV0aC5iYWNrZW5kcy5Nb2RlbEJhY2tlbmQiLCJfYXV0aF91c2VyX2hhc2giOiI2YjdjY2EyOGRlZmJlMDcxNTBmMWQwYmQ4MDA1ODQ2ZjE4MmE3NTY4In0=','2019-02-14 10:16:57.649361'),('ubhrrck1sxtp7fh0ejplv4990hlu31nc','ZGVhZTJjYTE5YzY4ZjJkZGU5NzU2ZWY4ZGRlYjk2NjI3NDBjOTBhMDp7Il9hdXRoX3VzZXJfaWQiOiIyIiwiX2F1dGhfdXNlcl9iYWNrZW5kIjoiZGphbmdvLmNvbnRyaWIuYXV0aC5iYWNrZW5kcy5Nb2RlbEJhY2tlbmQiLCJfYXV0aF91c2VyX2hhc2giOiI2YjdjY2EyOGRlZmJlMDcxNTBmMWQwYmQ4MDA1ODQ2ZjE4MmE3NTY4In0=','2019-02-12 06:55:54.192725'),('uv7s04bs2u7jopn11u391r0mwwvfaeen','YWIyZDcxNWVmMTAwMjhhYTIxMDU2ZThiNTc3YjBhNWIzMGQzNTY1MDp7Il9hdXRoX3VzZXJfaWQiOiIxIiwiX2F1dGhfdXNlcl9iYWNrZW5kIjoiZGphbmdvLmNvbnRyaWIuYXV0aC5iYWNrZW5kcy5Nb2RlbEJhY2tlbmQiLCJfYXV0aF91c2VyX2hhc2giOiJmYmQ2N2RjMWJkZjYwZTZiODJhNjg1NjdhMTE0ZjczN2EwMTllOWMzIn0=','2019-02-15 05:39:39.575535'),('uv9x2vmz2hs7ftrimydekd0yt3belkbi','ZGVhZTJjYTE5YzY4ZjJkZGU5NzU2ZWY4ZGRlYjk2NjI3NDBjOTBhMDp7Il9hdXRoX3VzZXJfaWQiOiIyIiwiX2F1dGhfdXNlcl9iYWNrZW5kIjoiZGphbmdvLmNvbnRyaWIuYXV0aC5iYWNrZW5kcy5Nb2RlbEJhY2tlbmQiLCJfYXV0aF91c2VyX2hhc2giOiI2YjdjY2EyOGRlZmJlMDcxNTBmMWQwYmQ4MDA1ODQ2ZjE4MmE3NTY4In0=','2019-02-13 08:02:18.361003'),('vsvg9fuk7qovet9pwlce065qwi73b30g','ZGVhZTJjYTE5YzY4ZjJkZGU5NzU2ZWY4ZGRlYjk2NjI3NDBjOTBhMDp7Il9hdXRoX3VzZXJfaWQiOiIyIiwiX2F1dGhfdXNlcl9iYWNrZW5kIjoiZGphbmdvLmNvbnRyaWIuYXV0aC5iYWNrZW5kcy5Nb2RlbEJhY2tlbmQiLCJfYXV0aF91c2VyX2hhc2giOiI2YjdjY2EyOGRlZmJlMDcxNTBmMWQwYmQ4MDA1ODQ2ZjE4MmE3NTY4In0=','2019-02-15 03:53:28.076790'),('vt2prdpatbprod3ump3juocpbsn1rjbo','ZGVhZTJjYTE5YzY4ZjJkZGU5NzU2ZWY4ZGRlYjk2NjI3NDBjOTBhMDp7Il9hdXRoX3VzZXJfaWQiOiIyIiwiX2F1dGhfdXNlcl9iYWNrZW5kIjoiZGphbmdvLmNvbnRyaWIuYXV0aC5iYWNrZW5kcy5Nb2RlbEJhY2tlbmQiLCJfYXV0aF91c2VyX2hhc2giOiI2YjdjY2EyOGRlZmJlMDcxNTBmMWQwYmQ4MDA1ODQ2ZjE4MmE3NTY4In0=','2019-02-14 08:52:20.817893'),('w5hrtn8sdx7cf1dgqvrajq138qpe5f2w','ZGVhZTJjYTE5YzY4ZjJkZGU5NzU2ZWY4ZGRlYjk2NjI3NDBjOTBhMDp7Il9hdXRoX3VzZXJfaWQiOiIyIiwiX2F1dGhfdXNlcl9iYWNrZW5kIjoiZGphbmdvLmNvbnRyaWIuYXV0aC5iYWNrZW5kcy5Nb2RlbEJhY2tlbmQiLCJfYXV0aF91c2VyX2hhc2giOiI2YjdjY2EyOGRlZmJlMDcxNTBmMWQwYmQ4MDA1ODQ2ZjE4MmE3NTY4In0=','2019-02-13 11:29:36.284605'),('wi0nsh7bptjanj8m2hao0eg4dmyph124','ZGVhZTJjYTE5YzY4ZjJkZGU5NzU2ZWY4ZGRlYjk2NjI3NDBjOTBhMDp7Il9hdXRoX3VzZXJfaWQiOiIyIiwiX2F1dGhfdXNlcl9iYWNrZW5kIjoiZGphbmdvLmNvbnRyaWIuYXV0aC5iYWNrZW5kcy5Nb2RlbEJhY2tlbmQiLCJfYXV0aF91c2VyX2hhc2giOiI2YjdjY2EyOGRlZmJlMDcxNTBmMWQwYmQ4MDA1ODQ2ZjE4MmE3NTY4In0=','2019-02-13 08:19:20.618473'),('wwtgdldt7umevopyqez5vi7ey65rt2ji','ZGVhZTJjYTE5YzY4ZjJkZGU5NzU2ZWY4ZGRlYjk2NjI3NDBjOTBhMDp7Il9hdXRoX3VzZXJfaWQiOiIyIiwiX2F1dGhfdXNlcl9iYWNrZW5kIjoiZGphbmdvLmNvbnRyaWIuYXV0aC5iYWNrZW5kcy5Nb2RlbEJhY2tlbmQiLCJfYXV0aF91c2VyX2hhc2giOiI2YjdjY2EyOGRlZmJlMDcxNTBmMWQwYmQ4MDA1ODQ2ZjE4MmE3NTY4In0=','2019-02-25 08:29:36.549053'),('xgocfqykwnod0mvxuysyo2wa7ahzm66l','ZGVhZTJjYTE5YzY4ZjJkZGU5NzU2ZWY4ZGRlYjk2NjI3NDBjOTBhMDp7Il9hdXRoX3VzZXJfaWQiOiIyIiwiX2F1dGhfdXNlcl9iYWNrZW5kIjoiZGphbmdvLmNvbnRyaWIuYXV0aC5iYWNrZW5kcy5Nb2RlbEJhY2tlbmQiLCJfYXV0aF91c2VyX2hhc2giOiI2YjdjY2EyOGRlZmJlMDcxNTBmMWQwYmQ4MDA1ODQ2ZjE4MmE3NTY4In0=','2019-02-11 08:40:06.757995'),('xwjpe48jhsafhc2hcigsqk3l8flldwk0','ZGVhZTJjYTE5YzY4ZjJkZGU5NzU2ZWY4ZGRlYjk2NjI3NDBjOTBhMDp7Il9hdXRoX3VzZXJfaWQiOiIyIiwiX2F1dGhfdXNlcl9iYWNrZW5kIjoiZGphbmdvLmNvbnRyaWIuYXV0aC5iYWNrZW5kcy5Nb2RlbEJhY2tlbmQiLCJfYXV0aF91c2VyX2hhc2giOiI2YjdjY2EyOGRlZmJlMDcxNTBmMWQwYmQ4MDA1ODQ2ZjE4MmE3NTY4In0=','2019-02-15 05:33:18.443182'),('yb9mfwsmb5y24re4j2buztg9sw6pcoc5','ZGVhZTJjYTE5YzY4ZjJkZGU5NzU2ZWY4ZGRlYjk2NjI3NDBjOTBhMDp7Il9hdXRoX3VzZXJfaWQiOiIyIiwiX2F1dGhfdXNlcl9iYWNrZW5kIjoiZGphbmdvLmNvbnRyaWIuYXV0aC5iYWNrZW5kcy5Nb2RlbEJhY2tlbmQiLCJfYXV0aF91c2VyX2hhc2giOiI2YjdjY2EyOGRlZmJlMDcxNTBmMWQwYmQ4MDA1ODQ2ZjE4MmE3NTY4In0=','2019-02-22 06:57:51.759349'),('yegkoy0s3hjhhv42eyzs8i9kh16gmbbw','ZGVhZTJjYTE5YzY4ZjJkZGU5NzU2ZWY4ZGRlYjk2NjI3NDBjOTBhMDp7Il9hdXRoX3VzZXJfaWQiOiIyIiwiX2F1dGhfdXNlcl9iYWNrZW5kIjoiZGphbmdvLmNvbnRyaWIuYXV0aC5iYWNrZW5kcy5Nb2RlbEJhY2tlbmQiLCJfYXV0aF91c2VyX2hhc2giOiI2YjdjY2EyOGRlZmJlMDcxNTBmMWQwYmQ4MDA1ODQ2ZjE4MmE3NTY4In0=','2019-02-13 09:22:39.538264'),('zzb55z6oxn9nh8j6151v1apeyyisepas','YWIyZDcxNWVmMTAwMjhhYTIxMDU2ZThiNTc3YjBhNWIzMGQzNTY1MDp7Il9hdXRoX3VzZXJfaWQiOiIxIiwiX2F1dGhfdXNlcl9iYWNrZW5kIjoiZGphbmdvLmNvbnRyaWIuYXV0aC5iYWNrZW5kcy5Nb2RlbEJhY2tlbmQiLCJfYXV0aF91c2VyX2hhc2giOiJmYmQ2N2RjMWJkZjYwZTZiODJhNjg1NjdhMTE0ZjczN2EwMTllOWMzIn0=','2019-02-25 08:56:48.852689');
/*!40000 ALTER TABLE `django_session` ENABLE KEYS */;
UNLOCK TABLES;

--
-- Table structure for table `student_cafedra`
--

DROP TABLE IF EXISTS `student_cafedra`;
/*!40101 SET @saved_cs_client     = @@character_set_client */;
 SET character_set_client = utf8mb4 ;
CREATE TABLE `student_cafedra` (
  `id` int(11) NOT NULL AUTO_INCREMENT,
  `name` varchar(100) NOT NULL,
  `faculty_id` int(11) NOT NULL,
  PRIMARY KEY (`id`),
  KEY `student_cafedra_faculty_id_37614c89_fk_student_faculty_id` (`faculty_id`),
  CONSTRAINT `student_cafedra_faculty_id_37614c89_fk_student_faculty_id` FOREIGN KEY (`faculty_id`) REFERENCES `student_faculty` (`id`)
) ENGINE=InnoDB AUTO_INCREMENT=464 DEFAULT CHARSET=utf8;
/*!40101 SET character_set_client = @saved_cs_client */;

--
-- Dumping data for table `student_cafedra`
--

LOCK TABLES `student_cafedra` WRITE;
/*!40000 ALTER TABLE `student_cafedra` DISABLE KEYS */;
INSERT INTO `student_cafedra` VALUES (211,'Прикладная математика и информатика',1),(212,'Информационные технологии',2),(213,'Электроэнергетика',2),(214,'Графический дизайн',3),(215,'Дизайн среды',3),(216,'Дизайн одежды',3),(217,'Художественное проектирование костюма',3),(218,'Экономика и управление на предприятии (электроэнергетика)',4),(219,'Экономика и управление на предприятии (пищевой и перерабатывающей промышленности)',4),(220,'Финансы и кредит',4),(221,'Экономика предприятия (по горнодобывающей отрасли)',5),(222,'Производственный менеджмент',4),(223,'Коммерция в рекламном бизнесе',4),(224,'Электронный бизнес',1),(225,'Транспортная логистика',7),(226,'Закупочная логистика',7),(227,'Управление персоналом',4),(228,'Безопасность автоматизированных систем',1),(229,'Геологическая съемка, поиски и разведки МП',5),(230,'Геология нефти и газ',5),(231,'Поиски и разведки подземных вод и инженерно-геологические изыскания',5),(232,'Прикладная геохимия, минералогия и петрология',5),(233,'Рудничная геология',5),(234,'Геофизические методы поисков и разведки месторождений полезных ископаемых',5),(235,'Нефтегазовая геофизика',5),(236,'Бурение скважин на жидкие и газообразные полезные ископаемые',5),(237,'Технология и техника разведки месторождений полезных ископаемых',5),(238,'Геофизические методы исследования скважин',5),(239,'Технологическая безопасность и горноспасательное дело',5),(240,'Подземная разработка месторождений полезных ископаемых',5),(241,'Маркшейдерское дело',5),(242,'Взрывное дело',5),(243,'Шахтное подземное строительство',5),(244,'Открытые горные работы',5),(245,'Горнопромышленная экология',5),(246,'Обогащение полезных ископаемых',5),(247,'Бурение нефтяных и газовых скважин',5),(248,'Разработка и эксплуатация нефтяных и газовых скважин',5),(249,'Тепловые электрические станции',8),(250,'Электромеханика',8),(251,'Менеджмент в электроэнергетике',8),(252,'Альтернативные источники энергии',8),(253,'Гидроэлектроэнергетика',8),(254,'Релейная защита и автоматизация ЭЭС',8),(255,'Электрические станции',8),(256,'Электроэнергетические системы и сети',8),(257,'Электроснабжение (по отраслям)',8),(258,'Энергосбережение в электроэнергетике',8),(259,'Электрические машины и аппараты',8),(260,'Электромеханика горной промышленности',5),(261,'Материаловедение и технология материалов',2),(262,'Металлургия цветных металло',5),(263,'Технология машиностроения',2),(264,'Машины и аппараты пищевых производств',3),(265,'Пищевая инженерия малых предприятий',3),(266,'Пищевая инженерия',7),(267,'Горные машины и оборудование',5),(268,'Компьютерное моделирование в технике',7),(269,'Автомобильный сервис',2),(270,'Автомобили и автомобильное хозяйство',2),(271,'Эксплуатация транспортно-технологических машин наземного обеспечения воздушного транспорта',2),(272,'Организация и безопасность движения',2),(273,'Организация перевозок и управление на транспорте',2),(274,'Таможенное дело на транспорте',2),(275,'Биомедицинская инженерия',7),(276,'Медицинская информатика',6),(277,'Радиотехника',9),(278,'Сети связи и системы коммутации',9),(279,'Инфокоммуникационные технологии в сервисах и услугах связ',9),(280,'Системы мобильной связи и радиодоступа',9),(281,'Цифровое телевизионное и звуковое вещание',9),(282,'Программно-защищенные инфокоммуникации',9),(283,'Информационная безопасность в телекоммуникациях',9),(284,'Телематика услуг',7),(285,'Нанотелематика',6),(286,'Информатика в здравоохранении',7),(287,'Управление в технических системах',1),(288,'Автоматизация технологических процессов и производств',2),(289,'Управление качеством продукции и системы менеджмента предприятий',4),(290,'Мехатроника',2),(291,'Стандартизация и сертификация продукции и производств',4),(292,'Стандартизация и сертификация пищевых продуктов',3),(293,'Вычислительные машины, комплексы, системы и сети',1),(294,'Автоматизированные системы обработки информации и управления',5),(295,'Информационные системы и технологии в экономик',4),(296,'Информационные системы и технологии в медиаиндустрии',2),(297,'Информационные системы и технологии в телекоммуникациях',9),(298,'Информационные системы и технологии в горном деле',5),(299,'Технология разработки программного обеспечения',1),(300,'Интернет технологии и управление.',1),(301,'Пищевая биотехнологи',3),(302,'Технология бродильных производств и виноделие',3),(303,'Технология консервов и пищеконцентратов',3),(304,'Технология хлеба, кондитерских и макаронных изделий',3),(305,'Безопасность и качество пищевых производств',3),(306,'Технология продукции и организация обслуживания в ресторанах и гостиничных комплексах',3),(307,'Технология производства продукции и организация общественного питания',3),(308,'Технология полиграфического производства',2),(309,'Технология швейных изделий',3),(310,'Конструирование швейных изделий',3),(311,'Технология текстиля и кожи',7),(312,'Безопасность технологических процессов и производств',8),(313,'Промышленная безопасность',8),(314,'Защита в чрезвычайных ситуациях',8),(315,'Охрана окружающей среды и рациональное использование природных ресурсов',5),(316,'Инженерная защита окружающей сред',5),(317,'Математическое моделирование',10),(318,'Математическое моделирование',10),(319,'Информационные технологии',10),(320,'Дизайн одежды',10),(321,'Производственный менеджмент',10),(322,'Транспортная логистика',10),(323,'Закупочная логистика',10),(324,'Безопасность автоматизированных систем',10),(325,'Геологическая съемка, поиски и разведки МПИ',5),(326,'Геология нефти и газа',5),(327,'Поиски и разведки подземных вод и инженерно-геологические изыскания',5),(328,'Прикладная геохимия, минералогия и петрология',5),(329,'Рудничная геология',5),(330,'Геофизические методы поисков и разведки месторождений полезных ископаемых',5),(331,'Нефтегазовая геофизика',5),(332,'Бурение скважин на жидкие и газообразные полезные ископаемые',5),(333,'Технология и техника разведки месторождений полезных ископаемых',5),(334,'Геофизические методы исследования скважин',5),(335,'Технологическая безопасность и горноспасательное дело',5),(336,'Подземная разработка месторождений',5),(337,'Маркшейдерское дело',5),(338,'Взрывное дело',5),(339,'Шахтное подземное строительство',5),(340,'Открытые горные работы',5),(341,'Горнопромышленная экология',5),(342,'Обогащение полезных ископаемых',5),(343,'Бурение нефтяных и газовых скважин',5),(344,'Разработка и эксплуатация нефтяных и газовых скважин',5),(345,'Тепловые электрические станции',10),(346,'Электромеханика',10),(347,'Менеджмент в электроэнергетике',10),(348,'Альтернативные источники энергии',10),(349,'Гидроэлектроэнергетика',10),(350,'Релейная защита и автоматизация ЭЭС',10),(351,'Электрические станции',10),(352,'Электроэнергетические системы и сети',10),(353,'Электроснабжение (по отраслям)',10),(354,'Энергосбережение в электроэнергетике',10),(355,'Электрические машины и аппараты',10),(356,'Электромеханика горной промышленности',10),(357,'Материаловедение и технология материалов',10),(358,'Металлургия цветных металлов',5),(359,'Технология машиностроения',10),(360,'Пищевая инженерия малых предприятий',10),(361,'Вычислительная инженерия',10),(362,'Техническая эксплуатация транспортно-технологических машин и комплексов',10),(363,'Сервис и обслуживание транспорта, транспортно-технологических машин и оборудования',10),(364,'Организация и безопасность движения',10),(365,'Организация перевозок и управление на транспорте',10),(366,'Радиотехника',10),(367,'Сети связи и системы коммутации',10),(368,'Системы мобильной связи и радиодоступа',10),(369,'Безопасность и программная защита инфокоммуникаций',10),(370,'Телематика услуг',10),(371,'Телемедицина',10),(372,'Управление в технических системах',10),(373,'Автоматизация технологических процессов и производств',10),(374,'Мехатроника',10),(375,'Стандартизация и сертификация продукции и производств',10),(376,'Стандартизация и сертификация пищевых продуктов',10),(377,'Компьютерная инженерия',10),(378,'Информатика как вторая компетенция',10),(379,'Информационные системы и технологии в экономике',10),(380,'Информационные системы и технологии в медиаиндустрии',10),(381,'Технология разработки программного обеспечения',10),(382,'Технология бродильных производств и виноделие',10),(383,'Технология консервов и пищеконцентратов',10),(384,'Безопасность и качество пищевых продуктов',10),(385,'Технология и управление предприятием',10),(386,'Разработка продукции',10),(387,'Технология функциональных продуктов питания',10),(388,'Технология полиграфического производства',10),(389,'Технология швейных изделий',10),(390,'Конструирование швейных изделий',10),(391,'Безопасность технологических процессов и производств',10),(392,'Промышленная безопасность',9),(393,'Защита в чрезвычайных ситуациях',10),(394,'Охрана окружающей среды и рациональное использование природных ресурсов',5),(395,'Инженерная защита окружающей среды',5),(396,'Безопасность компьютерных систем и сетей',1),(397,'Пожарная безопасность',8),(398,'Геофизические методы поисков и разведки месторождений полезных ископаемых',5),(399,'Нефтегазовая геофизика',5),(400,'Бурение скважин на жидкие и газообразные полезные ископаемые',5),(401,'Технология и техника разведки месторождений полезных ископаемых',5),(402,'Геофизические методы исследования скважин',5),(403,'Технологическая безопасность и горноспасательное дело',5),(404,'Подземная разработка месторождений полезных ископаемых',5),(405,'Маркшейдерское дело',5),(406,'Взрывное дело',5),(407,'Шахтное подземное строительство',5),(408,'Открытые горные работы',5),(409,'Горнопромышленная экология',5),(410,'Обогащение полезных ископаемых',5),(411,'Экономика горного производства',5),(412,'Горные машины и оборудования',5),(413,'Электрификация и автоматизация горного производства',5),(414,'Транспортные системы горного производства',5),(415,'Физические процессы нефтегазового производства',5),(416,'Прикладная геодезия',5),(417,'Электромеханика',6),(418,'Гидроэлектроэнергетика',6),(419,'Электрические станции',6),(420,'Электроэнергетические системы и сети',6),(421,'Электроснабжение (по отраслям)',6),(422,'Технология машиностроения',6),(423,'Автомобильный сервис',6),(424,'Автомобили и автомобильное хозяйство',6),(425,'Эксплуатация транспортно-технологических машин наземного обеспечения воздушного транспорта',6),(426,'Медицинская информатика',6),(427,'Нанотелематика',6),(428,'Управление в технических системах',6),(429,'Мехатроника',6),(430,'Информационные системы и технологии в экономике',6),(431,'Технология разработки программного обеспечения',6),(432,'Технология молока и молочных продуктов',6),(433,'Технология производства продукции и организация общественного питания',6),(434,'Прикладная математика и информатика',5),(435,'Альтернативные источники энергии',7),(436,'Гидроэлектроэнергетика',7),(437,'Релейная защита и автоматизация ЭЭС',7),(438,'Материаловедение и технология материалов',7),(439,'Технология консервов и пищеконцентратов',7),(440,'Технология молока и молочных продуктов',7),(441,'Технология мяса и мясных продуктов',7),(442,'Технология полиграфического производства',7),(443,'Биотехнические системы и технологии',6),(444,'Информатика и вычислительная техника',6),(445,'Прикладная математика и информатика',6),(446,'Программная инженерия',6),(447,'Информационная безопасность',6),(448,'Электроэнергетика и электротехника',6),(449,'Теплоэнергетика и теплотехника',6),(450,'Машиностроение',6),(451,'Менеджмент',6),(452,'Телематика',6),(453,'Технология транспортных процессов',6),(454,'Химическая технология',6),(455,'Механика и промышленная инженерия',7),(456,'Технология мяса и мясных продуктов',3),(457,'Технология молока и молочных продуктов',3),(458,'Искусство костюма и текстиля',3),(459,'Технология машиностроения',7),(460,'Логистика',7),(461,'Телематика',7),(462,'Инженерная педагогика',2),(463,'Электропривод',8);
/*!40000 ALTER TABLE `student_cafedra` ENABLE KEYS */;
UNLOCK TABLES;

--
-- Table structure for table `student_faculty`
--

DROP TABLE IF EXISTS `student_faculty`;
/*!40101 SET @saved_cs_client     = @@character_set_client */;
 SET character_set_client = utf8mb4 ;
CREATE TABLE `student_faculty` (
  `id` int(11) NOT NULL AUTO_INCREMENT,
  `name` varchar(30) NOT NULL,
  PRIMARY KEY (`id`)
) ENGINE=InnoDB AUTO_INCREMENT=11 DEFAULT CHARSET=utf8;
/*!40101 SET character_set_client = @saved_cs_client */;

--
-- Dumping data for table `student_faculty`
--

LOCK TABLES `student_faculty` WRITE;
/*!40000 ALTER TABLE `student_faculty` DISABLE KEYS */;
INSERT INTO `student_faculty` VALUES (1,'ФИТ'),(2,'ФТМ'),(3,'ТФ'),(4,'ИЭФ'),(5,'ИГДиГТ'),(6,'ИСОП'),(7,'КГТИ'),(8,'ЭФ'),(9,'ИЭТ'),(10,'ВШМ');
/*!40000 ALTER TABLE `student_faculty` ENABLE KEYS */;
UNLOCK TABLES;

--
-- Table structure for table `student_jcategory`
--

DROP TABLE IF EXISTS `student_jcategory`;
/*!40101 SET @saved_cs_client     = @@character_set_client */;
 SET character_set_client = utf8mb4 ;
CREATE TABLE `student_jcategory` (
  `id` int(11) NOT NULL AUTO_INCREMENT,
  `jcategory` varchar(50) NOT NULL,
  PRIMARY KEY (`id`)
) ENGINE=InnoDB AUTO_INCREMENT=5 DEFAULT CHARSET=utf8;
/*!40101 SET character_set_client = @saved_cs_client */;

--
-- Dumping data for table `student_jcategory`
--

LOCK TABLES `student_jcategory` WRITE;
/*!40000 ALTER TABLE `student_jcategory` DISABLE KEYS */;
INSERT INTO `student_jcategory` VALUES (1,'Научный деятель'),(2,'Государственный деятель'),(3,'Бизнесмен'),(4,'Другие');
/*!40000 ALTER TABLE `student_jcategory` ENABLE KEYS */;
UNLOCK TABLES;

--
-- Table structure for table `student_photo`
--

DROP TABLE IF EXISTS `student_photo`;
/*!40101 SET @saved_cs_client     = @@character_set_client */;
 SET character_set_client = utf8mb4 ;
CREATE TABLE `student_photo` (
  `id` int(11) NOT NULL AUTO_INCREMENT,
  `photo` varchar(100) NOT NULL,
  PRIMARY KEY (`id`)
) ENGINE=InnoDB DEFAULT CHARSET=utf8;
/*!40101 SET character_set_client = @saved_cs_client */;

--
-- Dumping data for table `student_photo`
--

LOCK TABLES `student_photo` WRITE;
/*!40000 ALTER TABLE `student_photo` DISABLE KEYS */;
/*!40000 ALTER TABLE `student_photo` ENABLE KEYS */;
UNLOCK TABLES;

--
-- Table structure for table `student_student`
--

DROP TABLE IF EXISTS `student_student`;
/*!40101 SET @saved_cs_client     = @@character_set_client */;
 SET character_set_client = utf8mb4 ;
CREATE TABLE `student_student` (
  `id` int(11) NOT NULL AUTO_INCREMENT,
  `fio` varchar(100) NOT NULL,
  `graduate_date` date NOT NULL,
  `country` varchar(100) NOT NULL,
  `job` varchar(100) NOT NULL,
  `telephone` varchar(20) NOT NULL,
  `email` varchar(254) NOT NULL,
  `feedback` longtext,
  `created` datetime(6) NOT NULL,
  `cafedra_id` int(11) DEFAULT NULL,
  `faculty_id` int(11) DEFAULT NULL,
  `jcategory_id` int(11) DEFAULT NULL,
  PRIMARY KEY (`id`),
  KEY `student_student_cafedra_id_07a47065_fk_student_cafedra_id` (`cafedra_id`),
  KEY `student_student_faculty_id_449f0d9a_fk_student_faculty_id` (`faculty_id`),
  KEY `student_student_jcategory_id_81cd7ad2_fk_student_jcategory_id` (`jcategory_id`),
  CONSTRAINT `student_student_cafedra_id_07a47065_fk_student_cafedra_id` FOREIGN KEY (`cafedra_id`) REFERENCES `student_cafedra` (`id`),
  CONSTRAINT `student_student_faculty_id_449f0d9a_fk_student_faculty_id` FOREIGN KEY (`faculty_id`) REFERENCES `student_faculty` (`id`),
  CONSTRAINT `student_student_jcategory_id_81cd7ad2_fk_student_jcategory_id` FOREIGN KEY (`jcategory_id`) REFERENCES `student_jcategory` (`id`)
) ENGINE=InnoDB AUTO_INCREMENT=576 DEFAULT CHARSET=utf8;
/*!40101 SET character_set_client = @saved_cs_client */;

--
-- Dumping data for table `student_student`
--

LOCK TABLES `student_student` WRITE;
/*!40000 ALTER TABLE `student_student` DISABLE KEYS */;
INSERT INTO `student_student` VALUES (8,'Мягких Денис Сергеевич','2002-06-25','Кыргызстан','ОсОО \"NT computers\"','0555574020','mds13@mail.ru',NULL,'2019-02-13 06:48:48.841701',293,1,4),(9,'Лукашов Данид Игоревич','2002-06-25','Кыргызстан','ОсОО \"inform.kg\"','0555515131','Lukashev.Danil@inform.kg',NULL,'2019-02-13 06:51:36.941316',293,1,4),(10,'Джансериков Эдуард Туруналиевич','1996-06-25','Кыргызстан','ЗАО МПЦ','0312637738','dzhanserikov@ipc.kg',NULL,'2019-02-13 06:53:46.089703',293,1,4),(11,'Пак Андрей Дмитриевич','1996-06-25','Кыргызстан','ОсОО\"Element Chem\"','0312975777','dzhanserikov@ipc.kg',NULL,'2019-02-13 06:55:34.413898',293,1,4),(12,'Айдралиев А.О.','1994-06-25','Кыргызстан','КГТУ им.И.Раззакова каф.АУ','0770823500','aidraliev@outlook.com',NULL,'2019-02-13 06:59:10.514259',287,1,2),(13,'Саитов Н.Ж','2004-06-25','Кыргызстан','IT-академия','0701885888','nsaitov@mail.ru',NULL,'2019-02-13 07:01:10.636129',287,1,4),(14,'Бабаев Б.','2004-06-25','Кыргызстан','ОсОО \"AVN\"','0701888298','babaev@mail.ru',NULL,'2019-02-13 07:03:25.018815',287,1,4),(15,'Кадыркулова К.К.','2004-06-25','Кыргызстан','КГТУ им.И.Раззакова ст.преподователь','0701888298','babaev@mail.ru',NULL,'2019-02-13 07:04:58.667172',287,1,4),(16,'Абдипатта у Жумабек','2017-03-25','Кыргызстан','обл.информационная технология директор','0772330666','j.abdipattaev@outlook.com',NULL,'2019-02-13 07:20:48.253485',287,1,4),(17,'Айыпова Нурай Замировна','2017-06-25','Кыргызстан','Торго-промышленной палате КР инженер','0705006615','Bellnurai@mail.ru',NULL,'2019-02-13 07:29:09.055129',287,1,4),(18,'Аминов Рустам Равильевич','2017-06-25','Кыргызстан','ТЭЦ','0705006615','Archer1strong@gmail.com',NULL,'2019-02-13 07:31:32.415329',287,1,4),(19,'Аминов Рустам Равильевич','2017-06-25','Кыргызстан','ТЭЦ инженер','0705709605','Archer1strong@gmail.com',NULL,'2019-02-13 07:35:22.232474',287,1,2),(20,'Талант Чыңгыз','2019-06-30','Кыргызстан','ИЭТ','+996709091915','talant.chynggyz@yandex.com',NULL,'2019-02-13 07:57:26.067369',368,10,4),(21,'Абакирова Гульбарчын Качкыновна','2017-10-01','Кыргызстан','NONE','+996702210220','abakirova111794@gmail.com',NULL,'2019-02-13 08:42:17.181622',275,7,4),(22,'Апсаматова Керемет Талайбековна','2017-06-25','Кыргызстан','ДЛО и МТ','+996556656066','none@mail.ru',NULL,'2019-02-13 08:47:31.963626',455,7,2),(23,'Анварбеков Амантай','2018-06-25','Кыргызстан','ОсОО \"Альтермед\"','+996557880180','amantai.anvarbekov@gmail.com',NULL,'2019-02-13 08:49:21.202874',455,7,4),(24,'Бектеналиев Азамат','2017-10-01','Кыргызстан','NONE','+996705044444','none@mail.ru',NULL,'2019-02-13 08:50:32.771968',455,7,4),(25,'Бектеналиев Нурбек','2017-10-01','Польша','NONE','+996708738573','none@mail.ru',NULL,'2019-02-13 08:51:47.777258',455,7,4),(26,'Жакыпова Жылдыз','2017-06-25','Кыргызстан','NONE','NONE','none@mail.ru',NULL,'2019-02-13 08:52:51.884925',455,7,4),(27,'Нурланбекова Айзирек','2017-06-25','Германия','компания KARL STORZ','+996776059020','none@mail.ru',NULL,'2019-02-13 08:54:24.669232',455,7,4),(28,'Суйутбеков Самат','2017-10-01','Кыргызстан','NONE','+996707171783','none@mail.ru',NULL,'2019-02-13 08:55:07.631689',455,7,4),(29,'Ташматова Айзада','2017-06-25','Кыргызстан','NONE','+996707387353','none@mail.ru',NULL,'2019-02-13 08:56:04.757956',455,7,4),(30,'Керимов Айдар','2017-06-25','Кыргызстан','ОсОО \"Альтермед\"','+996503559','none@mail.ru',NULL,'2019-02-13 08:56:54.375794',455,7,4),(31,'Абылкайыров Токтобек Эрнисбекович','2017-06-25','Кыргызстан','КГТУ им. И.Раззакова','+996505506504','abylkaiyrovt@gmail.com',NULL,'2019-02-13 08:58:29.347226',455,7,2),(32,'Иванов Вячеслав Сергеевич','2017-06-25','Кыргызстан','частное рекламное агентство','+996559999893','none@mail.ru',NULL,'2019-02-13 08:59:56.296200',455,7,4),(33,'Карыпбаева Амина Орозбековна','2017-06-25','Кыргызстан','КГТУ им. И.Раззакова','+996557383236','none@mail.ru',NULL,'2019-02-13 09:00:59.414810',455,7,2),(34,'Мавлянова Махабат Эргешовна','1997-07-25','Кыргызстан','Жогорку Кенеш КР','0312638915','erkinbekov.kg@gmail.com',NULL,'2019-02-13 09:02:13.417043',456,3,2),(35,'Муканов Акбар Таалайбекович','2017-10-01','Кыргызстан','служба в Армии','+996701866616','none@mail.ru',NULL,'2019-02-13 09:02:21.576509',455,7,4),(36,'Турсунбеков Сыргак Алмазбекович','2017-10-01','Кыргызстан','частный предприниматель','+996505999399','none@mail.ru',NULL,'2019-02-13 09:03:23.086027',455,7,4),(37,'Джунушалиева Тамара Шаршенкуловна','1971-07-01','Кыргызстан','КГТУ им.И.Раззакова','0312545143','kgtuchemie@yandex.com',NULL,'2019-02-13 09:05:00.940624',303,3,1),(38,'Дейдиев Анарсейит Уркумбаевич','1982-06-25','Кыргызстан','КТУ \"Манас\"','0552004261','anarseit@rambler.ru',NULL,'2019-02-13 09:33:55.282511',303,3,4),(39,'Асанова Бубугул','1992-06-25','Кыргызстан','ОсОО \"Кыргыз коньягы\"','0558559034','b.asanova@mail.ru',NULL,'2019-02-13 09:34:42.238196',302,3,4),(40,'Назарова Елена','1992-06-25','Кыргызстан','ОсОО \"Кыргыз коньягы\"','0558559034','e.kedenova@mail.ru',NULL,'2019-02-13 09:37:31.569882',302,3,4),(41,'Буканчиева Дамира','1971-06-25','Кыргызстан','ОсОО\"Токмокплодоовощ\"','0772192416','bukanchieva@mail.ru',NULL,'2019-02-13 09:40:16.859336',303,3,4),(42,'Абыкеева Диана Ишенбековна','2017-06-15','Кыргызстан','Компания «Elite House»','0707755300','diana@mail.ru',NULL,'2019-02-13 09:42:14.623071',284,7,4),(43,'Сулимин Сергей Генадьевич','1980-06-25','Кыргызстан','ЗАО\"Atalyk\"','0555759263','sulimin.atalyk@mail.ru',NULL,'2019-02-13 09:43:41.891063',302,3,4),(44,'Аманалиева Жоомарт','1982-06-25','Кыргызстан','Управление при президенте','0554184168','jamanaliev@mail.ru',NULL,'2019-02-13 09:45:40.920871',303,3,2),(45,'Амантаев Алиаскар Анварович','2017-06-15','Кыргызстан','ГКИТиС КР','None','aliaskaramantaev@mail.ru',NULL,'2019-02-13 09:49:41.942657',284,7,2),(46,'Качканакова Сатыбубу','1982-06-25','Кыргызстан','КМС','0555626120','kachkanakova@list.ru',NULL,'2019-02-13 09:53:27.019530',303,3,4),(47,'Сырымбекова Эркингуль Ибраевна','1996-06-25','Кыргызстан','КГТУ им.И.Раззакова','0312561438','erkina_s@list.ru',NULL,'2019-02-13 09:55:11.888528',303,3,1),(48,'Элдосова Махабат Туратбековна','2013-06-25','Кыргызстан','КГТУ им.И.Раззакова','0312561438','meldosovat@gmail.com',NULL,'2019-02-13 10:01:32.532300',309,3,4),(49,'Орукбаева А.','2008-06-25','Кыргызстан','ОсОО \"Бар Булак минерал\"','0556869574','orukbaeva@mail.ru',NULL,'2019-02-13 10:08:55.614643',302,3,4),(50,'Айильчиева  Е.','2009-06-25','Кыргызстан','ОАО\"Арпа\"','0770568489','emusaeva@mail.ru',NULL,'2019-02-13 10:13:15.696519',302,3,4),(51,'Чукобекова Нургуль','2015-06-25','Кыргызстан','ОсОО\"Аль Халал\"','0772666974','chukobekova@mail.ru',NULL,'2019-02-13 10:16:18.973001',303,3,4),(52,'Арстанбекова Чолпон','2015-06-25','Кыргызстан','ОсОО \"Кыргыз шоколады\"','0770569132','arstanbekova@mail.ru',NULL,'2019-02-13 10:19:44.694768',303,3,4),(53,'Фархадова К.','2016-06-25','Кыргызстан','ОсОО \"Кыргыз коньягы\"','0770895623','kfarhadova@mail.ru',NULL,'2019-02-13 10:22:06.658888',303,3,4),(54,'Шамыров К.','2016-06-25','Кыргызстан','ОсОО\"Бишкек Сут\"','0550321478','shamyrov@mail.ru',NULL,'2019-02-13 10:23:47.077632',303,3,4),(55,'Бактыбек у Н.','2016-06-25','Кыргызстан','ОсОО\"Бишкек Сут\"','0777231245','nursultan@list.ru',NULL,'2019-02-13 10:25:22.326079',303,3,4),(56,'Джунусова Э.','2016-06-25','Кыргызстан','ОАО\"GoldenSun\"','0556238574','edjunusova@mail.ru',NULL,'2019-02-13 10:27:07.103072',303,3,4),(57,'Темирова А.Б.','2016-06-25','Кыргызстан','комитет по стандартизации \"Al Halal\"','0705234697','temirova@mail.ru',NULL,'2019-02-13 10:30:50.308839',303,3,4),(58,'Орозакунова Ж.Ч.','2016-06-25','Кыргызстан','ОАО\"Токмокский спирт завод\"','0550316497','orozakunova@mail.ru',NULL,'2019-02-13 10:32:51.568775',303,3,4),(59,'Каниметова Бермет Салаватовна','2018-07-31','Кыргызстан','магистратура','0708681995','vshd18@mail.ru',NULL,'2019-02-13 10:36:39.353803',214,3,1),(60,'Касымбек кызы Салтанат','2016-06-25','Кыргызстан','интеллектуальное агенство','0550003366','ksaltanat@mail.ru',NULL,'2019-02-14 02:34:02.604945',303,3,4),(61,'Ибраимова Ибадат','2017-06-25','Кыргызстан','ОсОО\"ПродИмпекс\"','0702040192','ibadatibraimova@mail.ru',NULL,'2019-02-14 02:37:57.403339',303,3,4),(62,'Азаматов Ринат','2017-06-25','Кыргызстан','ОсОО \"ИсмаТрейд\"','0702698547','Rinat95@mail.ru',NULL,'2019-02-14 02:39:40.997264',303,3,4),(63,'Бекбосунова Гулиза','2017-06-25','Кыргызстан','КД \"Бонжур\"','0770359495','bekbosunova@mail.ru',NULL,'2019-02-14 02:41:56.887037',292,3,4),(64,'Жакыпова Фатима','2017-06-25','Кыргызстан','ЦСМ при Мин Экономики КР','0771941191','fjakypova@mail.ru',NULL,'2019-02-14 02:44:00.918131',292,3,4),(65,'Федотова Юлия','2017-06-25','Кыргызстан','ОсОО \"Kav Kev@','0708976431','uliaf@mail.ru',NULL,'2019-02-14 02:45:36.459596',303,3,4),(66,'Захарова Евгения','2017-06-25','Кыргызстан','\"Росс Текстиль\"','0556913746','ezaharova@mail.ru',NULL,'2019-02-14 02:49:20.926434',303,3,4),(67,'Новолоцкая Анна','2017-06-25','Кыргызстан','ООО \"Кроно-Трейд\"','0550505050','novoloskaya@mail.ru',NULL,'2019-02-14 02:53:50.146833',303,3,4),(68,'Абдилов Замирбек Исмаилович','2017-06-25','Кыргызстан','ОсОО \"Кыргыз коньягы\"','0550963121','abdilov@mail.ru',NULL,'2019-02-14 02:55:59.700243',302,3,4),(69,'Бакасова Аида','2009-06-25','Кыргызстан','ЗАО «Bear beer»','0770777086','bakasova@mail.ru',NULL,'2019-02-14 03:44:59.607927',302,3,4),(70,'Арстанбекова Чолпон','2015-06-25','Кыргызстан','ОсОО «Кыргыз шоколады»','0770569132','arstanbekova@mail.ru',NULL,'2019-02-14 03:46:32.962267',303,3,4),(71,'Чукобекова Нургуль','2015-06-25','Кыргызстан','ОсОО  « Аль Халал»','0772666974','chukobekova@mail.ru',NULL,'2019-02-14 03:49:16.231605',303,3,4),(72,'Фархадова Кундуз','2016-06-25','Кыргызстан','ОсОО \"Кыргыз Коньягы\"','0770895623','kfarhadova@mail.ru',NULL,'2019-02-14 03:53:12.829105',303,3,4),(73,'Шамыров К.','2016-06-25','Кыргызстан','ОсОО \"Бишкек Сут\"','0550321478','shamyrov@mail.ru',NULL,'2019-02-14 03:56:12.867403',303,3,4),(74,'Бактыбек у. Н.','2016-06-25','Кыргызстан','ОсОО \"Бишкек Сут\"','0777231245','nursultan@list.ru',NULL,'2019-02-14 03:57:10.207682',303,3,4),(75,'Уланова А. У.','2016-06-25','Кыргызстан','ОАО «Топоз»','0705851393','ulanova@mail.ru',NULL,'2019-02-14 03:58:24.666941',303,3,4),(76,'Орозакунова Ж. Ч.','2016-06-25','Кыргызстан','ОАО \"Токмокский спирт завод\"','0550316497','orozakunova@mail.ru',NULL,'2019-02-14 03:59:47.093656',292,3,4),(77,'Айильчиева Е','2006-06-25','Кыргызстан','ОАО «Арпа»','0770568489','emusaeva@mail.ru',NULL,'2019-02-14 04:01:58.940197',302,3,4),(78,'Бидинова А.','2018-06-25','Кыргызстан','КГТУ им И.Раззакова','0755109597','a.bidinova@bk.ru',NULL,'2019-02-14 04:04:07.283538',303,3,4),(79,'Тынарбекова М.','2016-06-25','Кыргызстан','КГТУ им И.Раззакова','0705173797','mtynarbekova@mail.ru',NULL,'2019-02-14 04:06:28.525616',303,3,4),(80,'Баатырбеков Р.Ж','2017-06-25','Кыргызстан','ОсОО \"Акнет\" инженер','0559333870','hamburger9595@gmail.ru',NULL,'2019-02-14 04:28:58.170812',287,1,4),(81,'Жунусалы уулу Бексултан','2017-06-25','Кыргызстан','Южная Корея','0779826651','Beks9595boy@mail.ru',NULL,'2019-02-14 04:32:14.008013',287,1,4),(82,'Исиров Азиз Арбудуевич','2017-06-25','Кыргызстан','Частный предприниматель','0705828338','isirov.aziz@mail.ru',NULL,'2019-02-14 04:34:33.827010',287,1,4),(83,'Мусаев И.Ы.','2017-06-25','Кыргызстан','Частный предприниматель','0703178123','kg.idiris.95@mail.ru',NULL,'2019-02-14 04:36:11.309586',287,1,4),(84,'Момункулова Д.Т','2017-06-25','Кыргызстан','ООО \"Sky Mobile\"','0776884396','momunkulova@outlook.com',NULL,'2019-02-14 04:38:08.715301',287,1,4),(85,'Кочнева С.В.','1969-08-01','Кыргызстан','КГТУ им. И.Раззакова','+996550520206','NONE@mail.ru',NULL,'2019-02-14 04:40:46.766341',264,3,1),(86,'Алымбекова Ж.С.','1970-08-01','Кыргызстан','зам.министра соц.развитии','NONE','NONE@mail.ru',NULL,'2019-02-14 04:43:17.782979',264,3,2),(87,'Собуров К.А','1975-08-01','Кыргызстан','Гостинично - торговый комплекс \"Ыссык-Көл”','0555937435','NONE@mail.ru',NULL,'2019-02-14 04:45:35.594861',264,3,3),(88,'Собуров К.ААбылов М.Ж.','1980-08-01','Кыргызстан','аэрапорт Манас','0550911708','NONE@mail.ru',NULL,'2019-02-14 04:46:58.178585',264,3,4),(89,'Абылов М.Ж.','1980-08-01','Кыргызстан','аэрапорт Манас','0550911708','NONE@mail.ru',NULL,'2019-02-14 04:47:15.107553',264,3,4),(90,'Жилин Н.Н','1982-08-01','Кыргызстан','ОсОО “Коопромсервис”','0550911708','NONE@mail.ru',NULL,'2019-02-14 04:48:39.280367',264,3,3),(91,'Черикоа С.Т.','1983-07-01','Кыргызстан','Мин.Образование и Науки','0707516070','scherikov@inbox.ru',NULL,'2019-02-14 04:52:54.402959',264,3,2),(92,'Кулмырзаев А.А.','1986-07-01','Кыргызстан','КТУ “Манас”','0555005167','NONE@mail.ru',NULL,'2019-02-14 04:54:29.584403',264,3,1),(93,'Кудайбергенов К.К.','1987-07-01','Кыргызстан','ОсОО «Agro-Food  Issyk-Kyl»','0772526786','NONE@mail.ru',NULL,'2019-02-14 04:56:31.756876',264,3,4),(94,'Нуркулов Б.М.','1988-07-01','Кыргызстан','Гор.водоканал','NONE','NONE@mail.ru',NULL,'2019-02-14 04:57:16.099412',264,3,4),(95,'Асанов К.К.','1990-07-01','Кыргызстан','“Айыл Банк” АК','0556775520','koliasan@mail.ru',NULL,'2019-02-14 04:57:58.649846',264,3,4),(96,'Эмилбеков Д.Ш.','1991-07-01','Кыргызстан','ОАО “Столичный”','0550540997','NONE@mail.ru',NULL,'2019-02-14 04:59:00.391377',264,3,3),(97,'Орозматов А.О.','1991-06-25','Кыргызстан','АК “Айданфарм”','0777569722','NONE@mail.ru',NULL,'2019-02-14 05:01:37.731377',264,3,3),(98,'Касымов С.К.','1991-06-25','Кыргызстан','ОсОО «РЕЕМСТМА»','0772327586','NONE@mail.ru',NULL,'2019-02-14 05:02:28.004252',264,3,4),(99,'Коенов А.Т.','1991-06-25','Кыргызстан','КГТУ им.И.Раззакова','0555600054','a.koenov@mail.ru',NULL,'2019-02-14 05:04:26.682040',264,3,1),(100,'Халманбетов Д.К.','1992-06-25','Кыргызстан','Медицинский институт','0772564709','NONE@mail.ru',NULL,'2019-02-14 05:05:52.619955',264,3,1),(101,'Канаев Н.Р','1992-06-25','Кыргызстан','Стоительная компания “Имарат строй”','0707070497','NONE@mail.ru',NULL,'2019-02-14 05:06:40.394688',264,3,3),(102,'Хакимов Г. А.','1994-06-25','Таджикистан','Таджикский технический университет им. М.Осими','907728197','NONE@mail.ru','None','2019-02-14 05:08:03.118420',264,3,1),(103,'Тилемишова Н.Т.','1992-06-25','Кыргызстан','КГТУ им.И.Раззакова','0709387922','tilemishova1@mail.ru',NULL,'2019-02-14 05:08:54.405353',264,3,1),(104,'Алымкулов Н.Ж.','1992-06-25','Кыргызстан','КГТУ им.И.Раззакова','0772625697','NONE@mail.ru',NULL,'2019-02-14 05:10:31.330897',264,3,1),(105,'Уметов У.Б.','1992-06-25','Кыргызстан','Отдел продажи энергии в Аламидинском районе','0555005167','NONE@mail.ru',NULL,'2019-02-14 05:11:15.925447',264,3,2),(106,'Турдубаев Ж.','1992-06-25','Кыргызстан','Таможня','0555005797','NONE@mail.ru',NULL,'2019-02-14 05:12:42.065374',264,3,2),(107,'Ашырбаев Э.','1992-06-25','Кыргызстан','Чуйская областная администрация','NONE','NONE@mail.ru',NULL,'2019-02-14 05:13:21.022603',264,3,2),(108,'Абрдасулов С.','1992-06-25','Кыргызстан','Налоговая служба г.Жалал Абад','NONE','NONE@mail.ru',NULL,'2019-02-14 05:13:48.920198',264,3,2),(109,'Ормонбеков Т. О.','1992-06-25','Кыргызстан','прокуратура Кочкорского района','NONE','NONE@mail.ru',NULL,'2019-02-14 05:14:13.353596',264,3,2),(110,'Арзыгулов Ж.','1994-06-25','Кыргызстан','ЧП.\"Строймаркет\"','NONE','NONE@mail.ru',NULL,'2019-02-14 05:14:40.819167',264,3,4),(111,'Ордобаев Ж.','1997-06-25','Кыргызстан','г.Талас Талас - сут','0772269283','NONE@mail.ru',NULL,'2019-02-14 05:15:31.664075',264,3,4),(112,'Жорокулов Б.А.','1997-06-25','Кыргызстан','Кыргызтелеком','NONE','NONE@mail.ru',NULL,'2019-02-14 05:21:49.945711',264,3,4),(113,'Усупкожоева А.А.','2000-06-25','Кыргызстан','КГТУ им. И.Раззакова','0708743407','anipka_76@mail.ru',NULL,'2019-02-14 05:25:10.729196',264,3,1),(114,'Абдраимов А.А.','2000-06-25','Кыргызстан','КГТУ им. И.Раззакова','NONE','abdiraimov@mail.ru',NULL,'2019-02-14 05:38:09.115717',264,3,1),(115,'Тилемишов А.Т.','2002-06-25','Кыргызстан','Март Аудит','0777989821','NONE@mail.ru',NULL,'2019-02-14 05:39:32.985514',264,3,4),(116,'Абдыгулов А.С.','2002-06-25','Кыргызстан','мин.экономики','NONE','NONE@mail.ru',NULL,'2019-02-14 05:40:24.623467',264,3,2),(117,'Асакеева Ж.','2002-06-25','Кыргызстан','Март Аудит','0703763748','NONE@mail.ru',NULL,'2019-02-14 05:41:16.391428',264,3,4),(118,'Калинина Н.А.','2010-06-25','Кыргызстан','ОсОО “Абдыш –ата”','NONE','NONE@mail.ru',NULL,'2019-02-14 05:41:58.316826',264,3,4),(119,'Абраимова О. А.','2010-06-25','Кыргызстан','ОсОО “Абдыш –ата”','NONE','NONE@mail.ru',NULL,'2019-02-14 05:43:27.587932',264,3,4),(120,'Мишарина О.','2010-06-25','Кыргызстан','ОсОО “Елимай”','NONE','NONE@mail.ru',NULL,'2019-02-14 05:43:52.695368',264,3,4),(121,'Горлов Е.В.','2010-06-25','Кыргызстан','ОсОО «Кыргыз коньягы »','NONE','NONE@mail.ru',NULL,'2019-02-14 05:44:16.382723',264,3,4),(122,'Полий А.Н.','2010-06-25','Кыргызстан','ОсОО “Риха”','NONE','NONE@mail.ru',NULL,'2019-02-14 05:44:37.158911',264,3,4),(123,'Касымалиев А.Т.','2010-06-25','Кыргызстан','Нефти компания “Петролеум”','NONE','NONE@mail.ru',NULL,'2019-02-14 05:45:00.750261',264,3,4),(124,'Дуйсенкулов Д.А.','2010-06-25','Казакстан','сахарный завод  г.Мерке','NONE','NONE@mail.ru',NULL,'2019-02-14 05:45:41.004563',264,3,4),(125,'Алиев М.А.','2010-06-25','Кыргызстан','чайная компания “Гринфилд”','NONE','NONE@mail.ru',NULL,'2019-02-14 05:46:11.677318',264,3,3),(126,'Токтогулова А.К.','2011-06-25','Кыргызстан','КГТУ им. И.Раззакова','0707332204','toktogulova_2013@mail.ru',NULL,'2019-02-14 05:47:25.298529',264,3,1),(127,'Акунов А.Ч.','2011-06-25','Кыргызстан','ОсОО «Кыргыз коньягы »','0555403870','NONE@mail.ru',NULL,'2019-02-14 05:48:22.185782',264,3,4),(128,'Усубакунов Ч.Ж.','2011-06-25','Кыргызстан','ОсОО “Коко- кола ботлс”','NONE','NONE@mail.ru',NULL,'2019-02-14 05:48:52.176498',264,3,4),(129,'Молбаев Дж.Дж.','2011-06-25','Кыргызстан','ОсОО “Коко- кола ботлс”','NONE','NONE@mail.ru',NULL,'2019-02-14 05:49:05.567264',264,3,4),(130,'Акылбек. Ч.','2011-06-25','Кыргызстан','ОсОО “Коко- кола ботлс”','NONE','NONE@mail.ru',NULL,'2019-02-14 05:49:15.117810',264,3,4),(131,'Абдылдаев А.','2011-06-25','Кыргызстан','ОсОО «Кыргыз коньягы »','NONE','NONE@mail.ru',NULL,'2019-02-14 05:49:35.646984',264,3,4),(132,'Азарбеков А.Н.','2013-06-25','Кыргызстан','Антимонополистический комитет','NONE','NONE@mail.ru',NULL,'2019-02-14 05:50:08.867884',264,3,4),(133,'Сыдыкназарова К.М.','2013-06-25','Кыргызстан','завод “Арпа”','NONE','NONE@mail.ru',NULL,'2019-02-14 05:50:33.238278',264,3,4),(134,'Мамбетова Г.Ж.','2013-06-25','Кыргызстан','ОсОО “Риха”','NONE','NONE@mail.ru',NULL,'2019-02-14 05:50:51.236307',264,3,4),(135,'Канарбек к .К.','2013-06-25','Кыргызстан','ОсОО “Риха”','NONE','NONE@mail.ru',NULL,'2019-02-14 05:51:07.282225',264,3,4),(136,'Абдраимова А.А.','2013-06-25','Кыргызстан','ОсОО “Бишкек –сут”','NONE','NONE@mail.ru',NULL,'2019-02-14 05:51:26.325314',264,3,4),(137,'Якименко Р.Ю.','2014-06-25','Кыргызстан','ОсОО «Элита»','0705090491','NONE@mail.ru',NULL,'2019-02-14 05:52:00.097246',264,3,4),(138,'Райымбеков Э.Р','2017-06-25','Кыргызстан','Мегаком','0707600996','raiymbekov.ermek@outlook.com',NULL,'2019-02-14 05:52:26.603762',287,1,4),(139,'Вороновская А.','2014-06-25','Кыргызстан','сш. №3','NONE','NONE@mail.ru',NULL,'2019-02-14 05:52:40.927581',264,3,2),(140,'Шаршакеева Н.','2014-06-25','Кыргызстан','шк.лицей г.Токмок','NONE','NONE@mail.ru',NULL,'2019-02-14 05:53:06.686055',264,3,1),(141,'Абубакирова Дж.','2014-06-25','Кыргызстан','кондитерский \"Графский\"','NONE','NONE@mail.ru',NULL,'2019-02-14 05:53:25.320121',264,3,4),(142,'Сатарова А. С.','2014-06-25','Кыргызстан','кафе\"Фаиза\"','NONE','NONE@mail.ru',NULL,'2019-02-14 05:53:48.042420',264,3,4),(143,'Турусбек к.Д','2014-06-25','Кыргызстан','КГТУ им. И.Раззакова','NONE','NONE@mail.ru',NULL,'2019-02-14 05:54:10.852725',264,3,1),(144,'Осмонбек к.М.','2014-06-25','Кыргызстан','КГТУ им. И.Раззакова политехнический колледж при КГТУ','0702201521','meka.91.kg@mail.ru',NULL,'2019-02-14 05:54:51.492049',264,3,1),(145,'Сабырбекова Уулкан','2017-06-25','Кыргызстан','Магистратура г.Измир','+905422142389','Sabyrbekova.uulkan@gmail.com',NULL,'2019-02-14 05:55:09.829098',287,1,4),(146,'Эрнисбек к.Г.','2015-06-25','Кыргызстан','ОсОО “Тегирмен – алко ”','NONE','NONE@mail.ru',NULL,'2019-02-14 05:55:43.143004',265,3,1),(147,'Батырканов А.Д.','2015-06-25','Кыргызстан','ОАО “УМУТ & КО”','0701270753','NONE@mail.ru',NULL,'2019-02-14 05:56:35.902021',265,3,4),(148,'Акимбеков Б.','2015-06-25','Кыргызстан','спортивный комплекс \"Жаштык\"','NONE','NONE@mail.ru',NULL,'2019-02-14 05:57:11.332048',265,3,4),(149,'Куттубекова А.','2016-06-25','Кыргызстан','ОАО “УМУТ & КО”','0701270753','NONE@mail.ru',NULL,'2019-02-14 05:57:45.383995',265,3,4),(150,'Таалайбек кызы А','2017-06-25','Кыргызстан','Магазин \"Ecco\"','0709180048','akylai.is7@gmail.com',NULL,'2019-02-14 05:58:01.969944',287,1,4),(151,'Жилин Е.Н.','2016-06-25','Кыргызстан','ОсОО “Коопромсервис”','0550911708','redzenpaku@gmail.com',NULL,'2019-02-14 05:58:30.818594',265,3,4),(152,'Эсенова Алтынай','2018-06-25','Кыргызстан','Танцевальная группа \"Датка\"','0505130666','naiesenova@gmail.com',NULL,'2019-02-14 05:58:34.872826',458,3,4),(153,'Ташматов А.А.','2016-06-25','Кыргызстан','ЗАО “Десерт”','555288709','millenium_ballu@mail.ru',NULL,'2019-02-14 05:59:16.646215',265,3,4),(154,'Талантбеков Э.Т','2017-06-25','Кыргызстан','Адилет Сот','0701366315','E.akmatov@gmail.com',NULL,'2019-02-14 05:59:40.947605',287,1,4),(155,'Антошкин И. С.','2016-06-25','Кыргызстан','ОсОО Ата-Элтд','NONE','antoshkin.igor2010@gmail.com',NULL,'2019-02-14 06:00:26.761226',265,3,4),(156,'Базарбаев К. Э.','2016-06-25','Кыргызстан','ЧП.Базарбаев','NONE','bazarbaev.k.e@mail.ru',NULL,'2019-02-14 06:01:05.942467',265,3,4),(157,'Эркулов Т.А','2017-06-25','Кыргызстан','ОсОО \"Акнет\" монтажер','0701360003','Zair.uz94@mail.ru',NULL,'2019-02-14 06:01:22.597419',287,1,4),(158,'Багышбекова Чынара','2018-06-25','Кыргызстан','КГТУ им.Раззакова каф.ХПИ','0507012333','ms.bagyshbekova@mail.ru',NULL,'2019-02-14 06:01:42.977585',458,3,2),(159,'Ишеналы к. Б.','2016-06-25','Россия','Г.Москва гипермаркет «АШАН»','NONE','NONE@mail.ru',NULL,'2019-02-14 06:01:46.745800',265,3,4),(160,'Ишеналы к. Б.','2016-06-25','Россия','Г.Москва гипермаркет «АШАН»','NONE','NONE@mail.ru',NULL,'2019-02-14 06:03:39.054224',265,3,4),(161,'Эсенбаев С.М','2017-06-25','Кыргызстан','IT HELPER','0772352527','sovet.esenbaev@mail.ru',NULL,'2019-02-14 06:04:02.619572',287,1,4),(162,'Касимбек кызы Рахат','2018-06-25','Кыргызстан','Снежный барс','0778983705','rakhat.kasimbekkyzy@mail.ru',NULL,'2019-02-14 06:05:10.712467',458,3,4),(163,'Суйоркулова Бейшегул','2018-06-25','Кыргызстан','ЦУМ \"Айчурок\"','0704085528','bekasuiorkulova@gmail.com',NULL,'2019-02-14 06:08:50.510038',458,3,4),(164,'Айтбаев Замир','2017-06-25','Кыргызстан','Национальный Банк','0700002255','zamirbek.aitbaev@mail.ru',NULL,'2019-02-14 06:10:06.453382',211,1,2),(165,'Суюнбаева Гулзина','2018-06-25','Кыргызстан','Частный швейный цех','0554465265','gulzina_among@inbox.ru',NULL,'2019-02-14 06:13:23.048627',458,3,4),(166,'Борбоева Акылай','2018-06-25','Кыргызстан','ТЦ \"Караван\"','0702494749','aidarovna9696@gmail.com',NULL,'2019-02-14 06:15:57.125439',458,3,4),(167,'Сапарова Нуриза','2018-06-25','Кыргызстан','Частное ателье','0704606106','nurizs606@gmail.com',NULL,'2019-02-14 06:19:05.768229',458,3,4),(168,'Аджиева К.','2007-06-30','Кыргызстан','Директор ЧП','0772137739','none@mail.ru',NULL,'2019-02-14 07:06:24.779398',309,3,3),(169,'Абдрасул кызы Чолпон','2017-06-25','Кыргызстан','Каф.ПМИ','0700866801','pmi-1-11@mail.ru',NULL,'2019-02-14 07:15:25.457323',211,1,2),(170,'Калуга Ю.','2016-06-25','Кыргызстан','ОсОО «Кыргыз коньягы »','NONE','NONE@mail.ru',NULL,'2019-02-14 07:37:07.546798',265,3,4),(171,'Калыбай к. А.','2016-06-25','Кыргызстан','КГТУ им. И.Раззакова','0556190192','pi_1-11_aiperi92@list.ru',NULL,'2019-02-14 07:38:14.004599',265,3,1),(172,'Мурат к. А.','2016-06-25','Кыргызстан','Аю консерн (спирт цех)','NONE','NONE@mail.ru',NULL,'2019-02-14 07:38:57.156067',265,3,4),(173,'Черемушкин В. М.','2016-06-25','Кыргызстан','ОсОО \"Алтын ажыдаар\"','NONE','NONE@mail.ru',NULL,'2019-02-14 07:40:09.261191',265,3,4),(174,'Алмаматова Г. Д.','2016-06-25','Кыргызстан','ООО «НУР-телеком»','NONE','NONE@mail.ru',NULL,'2019-02-14 07:40:29.845369',265,3,4),(175,'Архипов В. В.','2016-06-25','Кыргызстан','ЗАО “Десерт”','NONE','NONE@mail.ru',NULL,'2019-02-14 07:41:05.744422',265,3,4),(176,'Байрамов К. С.','2016-06-25','Кыргызстан','ЗАО «Артезиан»','NONE','NONE@mail.ru',NULL,'2019-02-14 07:41:24.258481',265,3,4),(177,'Волков Г. Н.','2016-06-25','Кыргызстан','КНУ им. Ж.Баласагун','NONE','NONE@mail.ru',NULL,'2019-02-14 07:42:00.439550',265,3,4),(178,'Куликов С. Д.','2016-06-25','Кыргызстан','«Кант-СУт»','NONE','NONE@mail.ru',NULL,'2019-02-14 07:42:20.399692',265,3,4),(179,'Толомушев У. М. .','2016-06-25','Кыргызстан','ЧП «Улук»','NONE','NONE@mail.ru',NULL,'2019-02-14 07:42:42.492956',265,3,4),(180,'Элебаев Э. К.','2016-06-25','Кыргызстан','Молочный завод Жылуу – Булак,  район.Туп','0700233723','NONE@mail.ru',NULL,'2019-02-14 07:43:39.556220',265,3,4),(181,'Вахненко Н.Н.','2016-06-25','Кыргызстан','ОсОО «Абдыш-Ата»','NONE','NONE@mail.ru',NULL,'2019-02-14 07:44:19.964531',265,3,4),(182,'Иманбаева Н.Т.','2016-06-25','Дубай','Дубай, гипермаркет','NONE','NONE@mail.ru',NULL,'2019-02-14 07:44:52.021364',265,3,4),(183,'Шилкина И.И.','2016-06-25','Кыргызстан','ОсОО Ата-Элтд','NONE','NONE@mail.ru',NULL,'2019-02-14 07:45:29.081484',265,3,4),(184,'Фоменко Д.Н.','2016-06-25','Кыргызстан','ОсОО \"Технобренд\"','NONE','NONE@mail.ru',NULL,'2019-02-14 07:46:13.210008',265,3,4),(185,'Эшембаева И.О.','2016-06-25','Кыргызстан','ЧП Ысык- нан','NONE','NONE@mail.ru',NULL,'2019-02-14 07:46:38.422450',265,3,4),(186,'Балалаев И. О.','2016-06-25','Кыргызстан','Прод ИНПЕКС','NONE','NONE@mail.ru',NULL,'2019-02-14 07:47:43.112009',265,3,4),(187,'Кубатов Т.А.','2016-06-25','Кыргызстан','ОсОО Артезиан','NONE','NONE@mail.ru',NULL,'2019-02-14 07:48:45.139557',265,3,4),(188,'Айдаралиев У. К.','2016-06-25','Кыргызстан','сш. №53','NONE','NONE@mail.ru',NULL,'2019-02-14 08:16:51.026984',265,3,2),(189,'Талгарбек уулу Балгартбек','2016-12-13','Кыргызстан','NONE','NONE','none@mail.ru',NULL,'2019-02-14 08:17:23.637980',459,7,4),(190,'Ананьев О. И.','2017-06-25','Кыргызстан','ОсОО Кыргызоргтехника','NONE','NONE@mail.ru',NULL,'2019-02-14 08:17:34.522602',265,3,4),(191,'Сагынбек у. А.','2017-06-25','Кыргызстан','ОсОО Кант-сут','NONE','NONE@mail.ru',NULL,'2019-02-14 08:18:16.307992',265,3,4),(192,'Тугушев Рафаэль Рамильевич','2016-07-12','Кыргызстан','магистратура','NONE','none@mail.ru',NULL,'2019-02-14 08:18:24.855481',459,7,1),(193,'Сагынбек у. А.','2017-06-25','Кыргызстан','Ч\\п Наавай-кана','NONE','NONE@mail.ru',NULL,'2019-02-14 08:18:43.322538',265,3,4),(194,'Таалайбек к. Э.','2017-06-25','Германия','г.Гамбург предприятие по производству чипсы','NONE','NONE@mail.ru',NULL,'2019-02-14 08:19:27.019037',265,3,4),(195,'Турапов Айтмырза Байышбекович','2016-07-12','Кыргызстан','магистратура в Германии','NONE','none@mail.ru',NULL,'2019-02-14 08:19:46.677161',459,7,1),(196,'Токтогулова М. Т.','2017-06-25','Россия','г. Новосибирск кондитерский дом','NONE','NONE@mail.ru',NULL,'2019-02-14 08:20:10.667533',265,3,4),(197,'Близнюк Роман Владиславович','2016-12-13','Кыргызстан','NONE','NONE','none@mail.ru',NULL,'2019-02-14 08:20:35.363946',459,7,4),(198,'Бекмурзаев Нурсултан Русланбекович','2016-12-13','Кыргызстан','частное предприятие','NONE','none@mail.ru',NULL,'2019-02-14 08:21:44.465898',459,7,4),(199,'Койчуманова Айдай Кубанычбековна','2016-12-13','Кыргызстан','магистратура','NONE','none@mail.ru',NULL,'2019-02-14 08:22:43.784291',459,7,1),(200,'Алимбеков Кыялбек','2015-07-06','Кыргызстан','магистратура','NONE','none@mail.ru',NULL,'2019-02-14 08:23:29.323896',459,7,1),(201,'Фадеев Э.И.','2017-10-25','Кыргызстан','ТЦ.ГУМ','NONE','NONE@mail.ru',NULL,'2019-02-14 08:24:23.750009',265,3,4),(202,'Жолдошбекова Айчурок','2015-07-06','Кыргызстан','магистратура','NONE','none@mail.ru',NULL,'2019-02-14 08:24:26.206149',459,7,1),(203,'Озгонбеков Арген','2015-07-06','Кыргызстан','магистратура','NONE','none@mail.ru',NULL,'2019-02-14 08:25:06.285442',459,7,1),(204,'Кривов Н.Н.','2017-10-25','Кыргызстан','«Кыргыз-Алтын»','NONE','NONE@mail.ru',NULL,'2019-02-14 08:25:26.502598',265,3,4),(205,'Болотов В.','2017-10-25','Кыргызстан','ОсОО \"Полиграфия\"','NONE','NONE@mail.ru',NULL,'2019-02-14 08:25:47.191781',265,3,4),(206,'Асаналы уулу Бекназар','2015-07-06','Кыргызстан','магистратура','NONE','none@mail.ru',NULL,'2019-02-14 08:25:51.578032',459,7,1),(207,'Болотов В.','2018-06-25','Кыргызстан','ОсОО \"Полиграфия\"','NONE','NONE@mail.ru',NULL,'2019-02-14 08:26:09.472056',265,3,4),(208,'Узакбаев Б.Т','2018-06-25','Кыргызстан','ЗАО АКУН','NONE','NONE@mail.ru',NULL,'2019-02-14 08:26:31.140295',265,3,4),(209,'Куренкеев Ж.','2018-06-25','Кыргызстан','Магистратура','0553220396','jana22_96@mail.ru',NULL,'2019-02-14 08:27:29.949659',265,3,4),(210,'Алашова У.Р.','2018-06-25','Кыргызстан','ОсОО Айлана','NONE','NONE@mail.ru',NULL,'2019-02-14 08:27:59.487348',265,3,4),(211,'Касымбекова К.К.','2018-06-25','Кыргызстан','ЧП.Навайкана','NONE','NONE@mail.ru',NULL,'2019-02-14 08:28:20.249536',265,3,4),(212,'Омурбеков Элмурат','2015-07-06','Кыргызстан','магистратура','NONE','none@mail.ru',NULL,'2019-02-14 08:28:21.616614',459,7,1),(213,'Карасаев А. С','2018-06-25','Казакстан г.Алматы','ТОО \"ХОЛОДОМ\".','NONE','NONE@mail.ru',NULL,'2019-02-14 08:28:48.589157',265,3,4),(214,'Мунарова Миннавар','2015-07-06','Кыргызстан','магистратура в Германии','NONE','none@mail.ru',NULL,'2019-02-14 08:29:11.243453',459,7,1),(215,'Азимова Н. А.','2018-06-25','Кыргызстан','Магистратура','0703312435','NONE@mail.ru',NULL,'2019-02-14 08:29:24.677221',265,3,4),(216,'Ким Изабелла','2015-07-06','Кыргызстан','NONE','NONE','none@mail.ru',NULL,'2019-02-14 08:30:13.592019',459,7,4),(217,'Шелеметьев Константин','2015-12-22','Кыргызстан','игровой интернет клуб, оператор','NONE','none@mail.ru',NULL,'2019-02-14 08:31:46.906356',459,7,4),(218,'Дыйканбекова Бурул','2018-06-21','Кыргызстан','КГТУ им. И.Раззакова','NONE','none@mail.ru',NULL,'2019-02-14 09:02:53.583083',455,7,2),(219,'Туйгунова Даниэла Радиковна','2018-06-21','Кыргызстан','NONE','NONE','none@mail.ru',NULL,'2019-02-14 09:05:26.852849',455,7,4),(220,'Шаршеева Эльвира','2018-06-21','Кыргызстан','NONE','NONE','none@mail.ru',NULL,'2019-02-14 09:12:53.865417',455,7,4),(221,'Сыдыкова Нестан Бейшеевна','2018-06-21','Кыргызстан','магистратура','NONE','none@mail.ru',NULL,'2019-02-14 09:14:51.879167',455,7,1),(222,'Акылбек кызы Адина','2018-06-21','Кыргызстан','NONE','NONE','none@mail.ru',NULL,'2019-02-14 09:16:20.917260',455,7,2),(223,'Аккулуева Айжан','2018-06-21','Россия','NONE','NONE','none@mail.ru',NULL,'2019-02-14 09:17:11.372146',455,7,4),(224,'Акылбек кызы Адина','2018-06-21','Кыргызстан','магистратура','NONE','none@mail.ru',NULL,'2019-02-14 09:17:48.481268',455,7,1),(225,'Туманбаева Рада Мураталыевна','1992-07-25','Кыргызстан','Жогорку Кенеш КР','0312639281','mtorogeldieva@gmail.com',NULL,'2019-02-14 09:19:16.063277',304,3,2),(226,'Макамбаев Эрнисбек','2018-06-21','Кыргызстан','ОсОО \"Альтермед\"','NONE','none@mail.ru',NULL,'2019-02-14 09:19:27.299920',455,7,4),(227,'Салямов Нурсултан','2018-06-21','Кыргызстан','магистратура','NONE','none@mail.ru',NULL,'2019-02-14 09:20:25.692260',455,7,1),(228,'Ниязалиев Данияр','2018-06-21','Кыргызстан','магистратура','NONE','none@mail.ru',NULL,'2019-02-14 09:20:58.219120',455,7,1),(229,'Джолдошбаев Азим','2018-06-21','Кыргызстан','магистратура','NONE','none@mail.ru',NULL,'2019-02-14 09:21:45.006797',455,7,1),(230,'Барпиева Мээрим Бакытбековна','2012-07-06','Кыргызстан','ГЭС','NONE','none@mail.ru',NULL,'2019-02-14 09:39:15.388875',437,7,2),(231,'Джангазиева Сырга Туратбековна','2011-07-15','Кыргызстан','частное предприятие','NONE','none@mail.ru',NULL,'2019-02-14 09:51:46.976468',459,7,4),(232,'Заитов Абдужапар Абдылжанович','2010-07-07','Кыргызстан','NONE','NONE','none@mail.ru',NULL,'2019-02-14 09:54:14.127885',459,7,4),(233,'Золотарев Константин Ильи','2012-07-06','Кыргызстан','РЭС','NONE','none@mail.ru',NULL,'2019-02-14 09:56:20.937138',437,7,2),(234,'Козельчук Анастасия Владимировна','2010-07-07','Кыргызстан','NONE','NONE','none@mail.ru',NULL,'2019-02-14 09:57:27.745959',437,7,4),(235,'Сабаева Кундуз Кубанычбековна','2012-07-10','Кыргызстан','КГТУ','0553441622','sabaevakk@mail.ru',NULL,'2019-02-14 10:55:22.066679',299,1,4),(236,'Турсалиева Эльнура Нарынбековна','2018-07-30','Кыргызстан','КГТУ','0708627931','t.elnura@mail.ru',NULL,'2019-02-14 10:58:12.035400',228,1,4),(237,'Стамкулова Гулдана Кубанычбековна','2018-07-30','Кыргызстан','КГТУ','0555706727','gulkuv@mail.ru',NULL,'2019-02-14 11:00:49.956433',228,1,4),(238,'Мамытова Бермет Капарадиновна','2018-07-30','Кыргызстан','КГТУ','0755883144','earth_pearl@bk.ru',NULL,'2019-02-14 11:02:57.812746',228,1,4),(239,'Макиева Замира Джумакматовна','2012-07-10','Кыргызстан','КГТУ','0775999755','zamira_makieva@mail.ru',NULL,'2019-02-14 11:04:46.480961',299,1,4),(240,'Беккулова Кыял Абдыкапаровна','2018-07-30','Кыргызстан','КГТУ','0558887174','nimatta@mail.ru',NULL,'2019-02-14 11:07:00.420622',228,1,4),(241,'Айтбаев Замир','2015-08-08','Кыргызстан','Нац банк','700 002 255','zamirbek.aitbaev@gmail.com',NULL,'2019-02-14 11:08:20.311192',211,1,4),(242,'Бакалова Айгюзель Таалайбековна','2012-07-10','Кыргызстан','КГТУ','0702046893','aigiuzel@gmail.com',NULL,'2019-02-14 11:09:00.642499',299,1,4),(243,'Мусабаев Эмильбек Бахытжанович','2012-07-10','Кыргызстан','КГТУ','055825833','emil.musabaev@gmail.com',NULL,'2019-02-14 11:10:29.313570',299,1,4),(244,'Качкынбай у Шамшибек','2015-08-08','Кыргызстан','Государственного учреждения «АйТи - Сервис»','0 709 81 55 00','shama_1-11@mail.ru',NULL,'2019-02-14 11:11:13.998126',211,1,4),(245,'Ашымова Айзада Жаасынбековна','2018-07-30','Кыргызстан','КГТУ','0555193070','a_aizada_kg@mail.ru',NULL,'2019-02-14 11:12:22.726057',228,1,4),(246,'Ахмедова Диана','2016-06-08','Кыргызстан','ОсОО \"Аскартек\"','553811848','none@mail.ru',NULL,'2019-02-14 11:13:40.764521',211,1,4),(247,'Орозбеков Алтынбек','2016-06-08','Кыргызстан','КГТУ им И. Раззакова','500955800','orozbekov1995@mail.ru',NULL,'2019-02-14 11:15:31.876876',211,1,1),(248,'Орозбеков Алтынбек','2018-07-08','Кыргызстан','КГТУ им И. Раззакова','500955800','orozbekov1995@mail.ru',NULL,'2019-02-14 11:16:30.101206',211,1,1),(249,'Цыбин Константин','2016-08-08','Кыргызстан','онлайн-Freelance г. Москва','0000','none@mail.ru',NULL,'2019-02-14 11:17:38.289106',211,1,4),(250,'Цыбин Константин','2018-07-08','Кыргызстан','онлайн-Freelance г. Москва','0000','none@mail.ru',NULL,'2019-02-14 11:18:25.827825',211,1,4),(251,'Щербакова Екатерина','2016-06-08','Кыргызстан','“IT-attractor”, г. Москва.','0000','none@mail.ru',NULL,'2019-02-14 11:19:24.797819',211,1,4),(252,'Щербакова Екатерина','2018-07-08','Кыргызстан','“IT-attractor”, г. Москва.','0000','none@mail.ru',NULL,'2019-02-14 11:19:59.938829',211,1,4),(253,'Мирбеков Бекбоосун','2018-06-08','Кыргызстан','Компания «Петролиум»','500 969 534','kg_bek1996@mail.ru',NULL,'2019-02-14 11:23:32.813005',211,1,4),(254,'Мирбек кызы Айдай','2018-06-08','Кыргызстан','Международный Аэропорт “Манас”','708 885 582','none@mail.ru',NULL,'2019-02-14 11:24:32.095396',211,1,4),(255,'Ермикбаева Айгерим','2018-06-08','Кыргызстан','Типография «Алтын Тамга»','0000','none@mail.ru',NULL,'2019-02-14 11:25:22.514279',211,1,4),(256,'Омурбекова Мээрим','2018-06-08','Кыргызстан','Школа село Туз','0000','none@mail.ru',NULL,'2019-02-14 11:26:25.202865',211,1,1),(257,'Юсупов Ильгиз','2018-07-08','Кыргызстан','Компания “АКНЕТ”','0000','none@mail.ru',NULL,'2019-02-14 11:27:16.999828',211,1,4),(258,'Кыйшыбеков Мурат','2018-06-08','Кыргызстан','Китай «Шеньянский аэрокосмический университет» в магистратуре по компьютерной технологии.','0000','kyishybekov.m@gmail.com',NULL,'2019-02-14 11:28:13.130038',211,1,1),(259,'Азисова М.А.','2014-07-06','Кыргызстан','КГТУ им. И. Раззакова','0709777123','Azisova_7@mail.ru',NULL,'2019-02-15 03:00:48.989009',307,3,4),(260,'Жамалдинов Зиядин Исламович','1988-07-25','Кыргызстан','Жогорку Кенеш КР','0312 63-85-04','Z.Zhamaldinov@gmail.com',NULL,'2019-02-15 03:07:06.228585',456,3,2),(261,'Байгазиева А.С.','2014-07-06','Кыргызстан','КГТУ им. И. Раззакова','0708131828','aizat_12@mail.ru',NULL,'2019-02-15 03:11:18.294134',307,3,4),(262,'Султанбекова Махабат','2018-06-25','Кыргызстан','sweet','0700338816','sultanbekova.mahabat@mail.ru',NULL,'2019-02-15 03:55:46.291734',458,3,4),(263,'Чыйбыл кызы Айнагул','2018-06-25','Кыргызстан','Фабрика \"Aidan\"','0776767997','ayiza.maadanova@gmail.com',NULL,'2019-02-15 04:02:43.543600',458,3,4),(264,'Капарова Мээрим','2018-06-25','Кыргызстан','Частное ателье','0704010405','m.kaparova07@gmail.com',NULL,'2019-02-15 04:12:05.166355',458,3,4),(265,'Абылгазиева Сезим','2018-06-25','Кыргызстан','ТЦ \"Asia Mall\"','0558136134','abylgazi51@gmail.com',NULL,'2019-02-15 04:15:02.356490',458,3,4),(266,'Ромахова Виктория','2018-06-25','Кыргызстан','Частное ателье','0550726412','vika.12_12@mail.ru',NULL,'2019-02-15 04:17:29.698917',458,3,4),(267,'Aбдушукуровa Дилбaрa Aбдушукуровнa','2018-06-21','Кыргызстан','NONE','+996777217298','none@mail.ru',NULL,'2019-02-15 04:18:50.188521',455,7,4),(268,'Aскaровa Aлтынaй Кумaрбековнa','2018-06-21','Кыргызстан','NONE','NONE','none@mail.ru',NULL,'2019-02-15 04:19:21.080288',455,7,4),(269,'Догдурбековa Сaйкaл Догдурбековнa','2018-06-21','Кыргызстан','магистратура Томский Политехнический университет','NONE','none@mail.ru',NULL,'2019-02-15 04:20:21.558747',455,7,1),(270,'Жолдошбековa Aнaрa Жолдошбековнa','2018-06-21','Австрия','NONE','NONE','none@mail.ru',NULL,'2019-02-15 04:21:05.614267',455,7,4),(271,'Буденкова Владлена','2018-06-25','Россия','Частное ателье','0551990874','uxor86@mail.ru',NULL,'2019-02-15 04:22:41.791768',458,3,4),(272,'Алмазбекова А.А.','2014-07-06','Кыргызстан','КГТУ им. И. Раззакова','0707930577','aparkul@mail.ru',NULL,'2019-02-15 04:24:04.040472',307,3,4),(273,'Ишенбaев Кaйрaт Aкылбекович','2018-06-21','Кыргызстан','частное предприятие','+996708985985','none@mail.ru',NULL,'2019-02-15 04:24:32.049074',455,7,4),(274,'Кубaнычбек уулу Сaнжaр','2018-06-21','Кыргызстан','NONE','+996705289555','none@mail.ru',NULL,'2019-02-15 04:25:07.519103',455,7,4),(275,'Мератахунова Н.М.','2017-06-16','Кыргызстан','КГТУ им. И. Раззакова','0507022696','NADIRA1996-26@MAIL.RU',NULL,'2019-02-15 04:28:01.586059',420,6,4),(276,'Нурaлиевa Aйжaн Дженышбековнa','2018-06-21','Кыргызстан','NONE','+996772702833','none@mail.ru',NULL,'2019-02-15 04:29:05.613721',455,7,4),(277,'Нурдин кызы Жaнaт','2018-06-21','Кыргызстан','магистратура','+996702318131','none@mail.ru',NULL,'2019-02-15 04:29:40.446714',455,7,1),(278,'Султaнов Aзaмaт Иличбекович','2018-06-21','Кыргызстан','NONE','+996707401028','none@mail.ru',NULL,'2019-02-15 04:30:54.198932',455,7,4),(279,'Жолдошбек кызы Д.','2017-06-16','Кыргызстан','Энергонадзор','0777579006','darygul.zholdoshbekova@mail.ru',NULL,'2019-02-15 04:31:22.666560',420,6,4),(280,'Аджиева К.','2007-06-30','Кыргызстан','Директор ЧШП','0772137739','none@mail.ru',NULL,'2019-02-15 04:38:31.141068',309,3,3),(281,'Жумадылов Т.','2013-06-30','Кыргызстан','Директор ЧШП \"Темене\"','0707335242','none@mail.ru',NULL,'2019-02-15 04:40:53.768225',309,3,3),(282,'Айтыкеева Д.','2006-06-30','Кыргызстан','Ассосация Легпром, менеджер','0557505707','none@mail.ru',NULL,'2019-02-15 04:43:32.941330',309,3,2),(283,'Полотова Ж.','2006-06-30','Кыргызстан','Зам.мин.труда и соц.разв.','0312624522','none@mail.ru',NULL,'2019-02-15 04:45:48.323073',310,3,2),(284,'Тыналиев С.','1991-06-30','Кыргызстан','Директор ШП \"Табыш\"','0708555457','none@mail.ru',NULL,'2019-02-15 04:49:25.253481',310,3,2),(285,'Бейшебаева Н.','1998-06-30','Кыргызстан','Директор \"Бейшебаева\"','0550299902','none@mail.ru',NULL,'2019-02-15 04:50:59.058846',310,3,2),(286,'Сырникова П.В.','2005-06-30','Кыргызстан','Директор ОсОО \"Жылдыз\"','0772205920','none@mail.ru',NULL,'2019-02-15 04:59:52.955383',310,3,3),(287,'Калыгулова А.К.','2017-06-16','Кыргызстан','ТЭЦ','0773445000','darygul.zholdoshbekova@mail.ru',NULL,'2019-02-15 05:00:02.438926',420,6,4),(288,'Лякина Т.С.','2007-06-30','Кыргызстан','Директор ателье \"Студия ткани\"','0550659636','none@mail.ru',NULL,'2019-02-15 05:17:50.921039',310,3,3),(289,'Маханькова Т.','1995-06-30','Кыргызстан','Директор ЧШП \"Модница\"','0772323227','none@mail.ru',NULL,'2019-02-15 05:19:21.284208',310,3,3),(290,'Конурбаева А.','2003-06-30','Кыргызстан','главный менеджер ОсОО\"D&Genni\"','0555535050','none@mail.ru',NULL,'2019-02-15 05:21:29.900564',310,3,2),(291,'Абдрахманова Аида Джумабековна','2018-06-21','Дубай','NONE','NONE','none@mail.ru',NULL,'2019-02-15 05:22:58.485631',437,7,4),(292,'Акимов Муратали Имаралиевич','2018-06-21','Германия','NONE','NONE','none@mail.ru',NULL,'2019-02-15 05:23:34.872712',437,7,4),(293,'Кан Т.В.','2007-06-30','Кыргызстан','Директор ателье \"Кан фешн\"','0777416727','none@mail.ru',NULL,'2019-02-15 05:24:02.909316',310,3,3),(294,'Алмазбеков Адилет Алмазбекович','2018-06-21','Германия','NONE','NONE','none@mail.ru',NULL,'2019-02-15 05:24:28.701791',437,7,4),(295,'Кенемтеев Эржан Кенемтееви','2018-06-21','Германия','NONE','NONE','none@mail.ru',NULL,'2019-02-15 05:25:01.869688',437,7,4),(296,'Кыдыбаев Айбек Келдибекович','2018-06-21','Кыргызстан','билайн, оператор','NONE','none@mail.ru',NULL,'2019-02-15 05:25:46.944266',437,7,4),(297,'Кудайберген уулу Мурат','2018-06-21','Германия','NONE','NONE','none@mail.ru',NULL,'2019-02-15 05:26:19.181110',437,7,3),(298,'Девянина А.','2009-06-30','Кыргызстан','Директор ЧШП \"Золотое руно\"','0555169110','none@mail.ru',NULL,'2019-02-15 05:26:33.413924',310,3,3),(299,'Масиров Жаныш Кошбаевич','2018-06-21','Германия','NONE','NONE','none@mail.ru',NULL,'2019-02-15 05:26:45.391609',437,7,4),(300,'Медербеков Байзак Тууганбекович','2018-06-21','кыргызстан','фотограф','NONE','none@mail.ru',NULL,'2019-02-15 05:27:28.224059',437,7,4),(301,'Мелисбек уулу Улан','2018-06-21','Германия','NONE','NONE','none@mail.ru',NULL,'2019-02-15 05:28:11.139008',437,7,4),(302,'Турсуналиев Н.','2003-06-30','Кыргызстан','Директор ЧП по выделки меха','none','none@mail.ru',NULL,'2019-02-15 05:28:29.270045',309,3,3),(303,'Нарбутаев Тимур Айдаралиевич','2018-06-21','Германия','NONE','NONE','none@mail.ru',NULL,'2019-02-15 05:30:49.350058',437,7,4),(304,'Сатымкулов Максат Садырович','2018-06-21','Германия','NONE','NONE','none@mail.ru',NULL,'2019-02-15 05:33:12.205228',437,7,4),(305,'Суйоркулов Узакбек Суйоркулович','2018-06-21','Кыргызстан','магистратура','NONE','none@mail.ru',NULL,'2019-02-15 05:33:42.104939',437,7,1),(306,'Тургунбаев Эмир Замирбекович','2018-06-21','Германия','германия','NONE','none@mail.ru',NULL,'2019-02-15 05:34:16.969933',437,7,4),(307,'Турдиев Бердибек Шаршенович','2018-06-21','Кыргызстан','NONE','NONE','none@mail.ru',NULL,'2019-02-15 05:34:47.516680',437,7,4),(308,'Айманбаева Бермет Автандильевна.','2012-07-06','Кыргызстан','NONE','NONE','none@mail.ru',NULL,'2019-02-15 05:43:38.923075',225,7,4),(309,'Элеманова Римма Шукуровна','1999-06-25','Кыргызстан','КГТУ им И.Раззакова','0555902133','rimma_76@list.ru',NULL,'2019-02-15 05:44:42.048685',303,3,1),(310,'Назарбекова Нуржамал Назарбековна','2018-06-21','Кыргызстан','Магистратура КГТУ им.И.Раззакова','0559661662','none@mail.ru',NULL,'2019-02-15 05:45:30.151437',459,7,1),(311,'Иманалиев Нурсултан Тариелович','2018-06-21','Кыргызстан','Международная компания IBS, Инженер проектов','0709991169','none@mail.ru',NULL,'2019-02-15 05:46:49.518976',459,7,4),(312,'Джамаева А.','2001-06-25','Кыргызстан','КГТУ им И.Раззакова','0703180694','aynura.dzhamaeva@mail.ru',NULL,'2019-02-15 05:47:39.450832',303,3,4),(313,'Кравцов Александр Александрович','2018-06-21','Кыргызстан','Магистратура РФ, Москва МВТУ им. Н.Э Баумана','0557190897','none@mail.ru',NULL,'2019-02-15 05:47:45.131157',459,7,4),(314,'Уланбекова Айжан Уланбековна','2018-06-21','Кыргызстан','частное предприятие','0704979797','none@mail.ru',NULL,'2019-02-15 05:48:23.138331',459,7,4),(315,'Николаев Александр Владимирович','2018-06-21','Кыргызстан','Магистратура КГТУ им.И.Раззакова','0556471724','none@mail.ru',NULL,'2019-02-15 05:49:00.725481',459,7,1),(316,'Конкубаева Н.','1997-06-25','Кыргызстан','КГТУ им И.Раззакова','0555842732','nurzat_konkubaeva@mail.ru',NULL,'2019-02-15 05:49:04.098674',303,3,1),(317,'Мырзабеков Саламат Мырзабекович','2018-06-21','Германия','Магистратура DAAD, Германия','0700327471','none@mail.ru',NULL,'2019-02-15 05:49:51.713397',459,7,1),(318,'Лавринович Андрей Владимирович','2018-06-21','Кыргызстан','Магистратура ИТМО (СОП с КГТУ им.И.Раззакова)','+79215522932','none@mail.ru',NULL,'2019-02-15 05:50:34.455842',459,7,1),(319,'Хасанов Алишер Азаматович','2018-06-21','Кыргызстан','Магистратура ИТМО (СОП с КГТУ им.И.Раззакова)','0702444402','none@mail.ru',NULL,'2019-02-15 05:51:17.121282',459,7,1),(320,'Ерушкевич Максим Владиславович','2018-06-21','Кыргызстан','частное предприятие','0771987453','none@mail.ru',NULL,'2019-02-15 05:51:56.014507',459,7,4),(321,'Усубалиева А.','1998-06-25','Кыргызстан','КТУ \"Манас\"','0771767601','aigusu@mail.ru',NULL,'2019-02-15 05:52:10.032308',303,3,1),(322,'Колмакова Римма Викторовна','2017-06-28','Кыргызстан','NONE','NONE','none@mail.ru',NULL,'2019-02-15 05:53:19.846302',459,7,2),(323,'Марлизова Адель Марлизовна','2017-06-28','Кыргызстан','Магистратура КГТУ им.И.Раззакова','0707317717','none@mail.ru',NULL,'2019-02-15 05:54:16.899565',459,7,1),(324,'Сулайманова Асыл Алишеровна','2017-06-28','Кыргызстан','Кофейня «Q»,  управляющая','0559695579','none@mail.ru',NULL,'2019-02-15 05:55:08.566520',459,7,4),(325,'Талгарбек уулу Балгартбек','2016-12-13','Кыргызстан','Тур. Фирма «Круиз»','505552223','none@mail.ru',NULL,'2019-02-15 05:58:11.170209',459,7,4),(326,'Абдухалыков Айбек Джаркынбекович','2015-07-06','Кыргызстан','Частная компания «СТ Арт»','NONE','none@mail.ru',NULL,'2019-02-15 06:03:24.297119',284,7,4),(327,'Асанова Асел Алмазбековна','2015-07-06','Кыргызстан','Магистратура  в МЭИ','NONE','none@mail.ru',NULL,'2019-02-15 06:04:28.585796',284,7,1),(328,'Атакеев Амантур Мухтарович','2015-07-06','Кыргызстан','Не работает','NONE','none@mail.ru',NULL,'2019-02-15 06:05:54.125689',284,7,4),(329,'Атаярова Роза Акжигитовна','2015-07-06','Кыргызстан','Магистратура в МГТУ им Н.Э.Баумана','NONE','none@mail.ru',NULL,'2019-02-15 07:27:54.807108',461,7,1),(330,'Жаркынбекова Мунара Жаркынбековна','2015-07-06','Кыргызстан','Магистратура в МЭИ','NONE','none@mail.ru',NULL,'2019-02-15 07:35:24.691840',461,7,1),(331,'Марсова Акылай Марсовна','2015-07-06','Кыргызстан','Магистратура  в МЭИ','NONE','none@mail.ru',NULL,'2019-02-15 07:36:00.129867',461,7,1),(332,'Мирланова Алина Мирлановна','2015-07-06','Кыргызстан','ООО «SkyMobile»','NONE','none@mail.ru',NULL,'2019-02-15 07:36:35.661899',461,7,4),(333,'Мамбетакунова Э.Р.','2011-06-30','Кыргызстан','Директор Дизайн студии \"el-dani collection','0553404249','none@mail.ru',NULL,'2019-02-15 08:10:28.707064',310,3,3),(334,'Мукай кызы Аида','2015-07-06','Кыргызстан','ЧП «Империал»','NONE','none@mail.ru',NULL,'2019-02-18 02:35:42.877565',461,7,4),(335,'Омуралиева Бегимай Мелисовна','2015-07-06','Кыргызстан','Менеджер в IT-отделе при Мин.Образования (UNSEF)','NONE','none@mail.ru',NULL,'2019-02-18 02:36:28.422170',461,7,4),(336,'Сабырова Айдай Ырысбековна','2015-07-06','Кыргызстан','КГТУ им. И.Раззакова, кафедра «Телематика»','NONE','none@mail.ru',NULL,'2019-02-18 02:37:39.034209',461,7,1),(337,'Садабаева Алтынай Памировна','2015-07-06','Кыргызстан','ООО «SkyMobile»','NONE','none@mail.ru',NULL,'2019-02-18 02:38:30.994181',461,7,4),(338,'Сауров Анвар Раимджанович','2015-07-06','Кыргызстан','Магистратура МУК','NONE','none@mail.ru',NULL,'2019-02-18 02:39:20.872034',461,7,1),(339,'Тайрахунов Алишер Рахманович','2015-07-06','Кыргызстан','Магистратура в МГТУ им Н.Э.Баумана','NONE','none@mail.ru',NULL,'2019-02-18 02:40:09.856836',461,7,1),(340,'Эргешова Асел Урстомбековна','2015-07-06','Кыргызстан','Сокулукская средняя школа','NONE','none@mail.ru',NULL,'2019-02-18 02:40:57.842580',461,7,2),(341,'Абыкеева Диана Ишенбековна','2017-07-03','Кыргызстан','Компания «Elite House»','NONE','none@mail.ru',NULL,'2019-02-18 02:42:00.781180',461,7,4),(342,'Амантаев Алиаскар Анварович','2017-07-03','Кыргызстан','ГАС при ПКР','NONE','none@mail.ru',NULL,'2019-02-18 02:43:15.788470',461,7,4),(343,'Бектурсунов Акимали Бектурсунович','2017-10-27','Кыргызстан','Рынок «Дордой»','NONE','none@mail.ru',NULL,'2019-02-18 02:44:01.625092',461,7,4),(344,'Джолдошбекова Перизат Айдаровна','2017-07-03','Кыргызстан','Компания «Умные технологии»','NONE','none@mail.ru',NULL,'2019-02-18 02:45:01.338508',461,7,4),(345,'Жолчубекова Айгерим Жолчубековна','2017-07-03','Кыргызстан','Общественный фонд «Таалим»','NONE','none@mail.ru',NULL,'2019-02-18 02:45:55.411600',461,7,4),(346,'Иманакунов Санжар','2017-07-03','Кыргызстан','ГАС при ПКР','NONE','none@mail.ru',NULL,'2019-02-18 02:46:55.018010',461,7,2),(347,'Калмурза уулу Тилек','2017-10-27','Кыргызстан','ЧП компания','NONE','none@mail.ru',NULL,'2019-02-18 02:47:43.723796',461,7,4),(348,'Султанов Улукбек Султанович','2017-07-03','Кыргызстан','Магистратура в России','NONE','none@mail.ru',NULL,'2019-02-18 02:48:57.194998',461,7,1),(349,'Тимурлан уулу Таалай','2017-07-03','Кыргызстан','ЧП компания','NONE','none@mail.ru',NULL,'2019-02-18 02:49:47.141855',461,7,4),(350,'Абдылдаев Казыбек Абдылдаевич','2017-10-27','Кыргызстан','Частн.компания «Техноленд»','NONE','none@mail.ru',NULL,'2019-02-18 02:50:38.604798',461,7,4),(351,'Абдымомунова Кымбат','2017-07-03','Кыргызстан','Компания «Акнет»','NONE','none@mail.ru',NULL,'2019-02-18 02:51:35.591058',461,7,4),(352,'Ажимкулов Азамат Эрикович','2017-10-27','Кыргызстан','Интернет- магазин','NONE','none@mail.ru',NULL,'2019-02-18 02:52:43.101919',461,7,4),(353,'Артелбеков Айдар Эльмирович','2017-10-27','Кыргызстан','ЧП компания','NONE','none@mail.ru',NULL,'2019-02-18 02:53:31.905710',461,7,4),(354,'Беликов Андрей Сергеевич','2017-07-03','Кыргызстан','Санкт-Петербург,автоматизация (работа по спец)','NONE','none@mail.ru',NULL,'2019-02-18 02:55:16.342684',461,7,1),(355,'Бармушкин Дмитрий Александрович','2017-10-27','Кыргызстан','«Кыргыз почтасы»','NONE','none@mail.ru',NULL,'2019-02-18 02:57:25.986099',461,7,2),(356,'Болотбеков Жаныбек Болотбекович','2017-10-27','Кыргызстан','Рынок «Дордой»','NONE','none@mail.ru',NULL,'2019-02-18 03:02:00.782816',461,7,4),(357,'Жыргалбекова Бермет Жыргалбековна','2017-07-03','Кыргызстан','Компания «Huawei»','NONE','none@mail.ru',NULL,'2019-02-18 03:03:06.575580',461,7,4),(358,'Камчыбек кызы Айзирек','2017-07-03','Германия','германия','NONE','none@mail.ru',NULL,'2019-02-18 03:04:00.412659',461,7,4),(359,'Кошева Ангелина Александровна','2017-07-03','Кыргызстан','ОсОО «Виктория»-1С консультант','NONE','none@mail.ru',NULL,'2019-02-18 03:04:59.561042',461,7,4),(360,'Сопиев Кубатбек Нурланович','2017-07-03','Кыргызстан','ТЦ «Asia mall»','NONE','none@mail.ru',NULL,'2019-02-18 03:05:50.785972',461,7,4),(361,'Фейлер Кристина Владимировна','2017-07-03','Кыргызстан','Компания «Акнет»','NONE','none@mail.ru',NULL,'2019-02-18 03:06:47.878237',461,7,4),(362,'Азаматов Болот Азаматович','2018-06-22','Кыргызстан','НХЦ им. М. Мамакеева','NONE','none@mail.ru',NULL,'2019-02-18 03:08:18.624428',461,7,2),(363,'Азисбеков Урматбек Азисбекович','2018-06-22','Кыргызстан','Газпром Кыргызстан','NONE','none@mail.ru',NULL,'2019-02-18 03:09:23.209122',461,7,4),(364,'Аскеров Бектур Бектемирович','2018-06-22','Кыргызстан','NONE','NONE','none@mail.ru',NULL,'2019-02-18 03:09:54.280899',461,7,4),(365,'Аязбеков Темирлан Аязбекович','2018-06-22','Кыргызстан','КТРК','NONE','none@mail.ru',NULL,'2019-02-18 03:10:30.259957',461,7,2),(366,'Базарбаев Шумкарбек Шарабидинович','2018-06-22','Кыргызстан','ОсОО «Акнет»','NONE','none@mail.ru',NULL,'2019-02-18 03:11:07.345078',461,7,2),(367,'Бапаев Тилек Зайырбекович','2018-06-22','Кыргызстан','NONE','NONE','none@mail.ru',NULL,'2019-02-18 03:11:43.004118',461,7,4),(368,'Верещагина Анастасия Юрьевна','2018-06-22','Кыргызстан','КТРК','NONE','none@mail.ru',NULL,'2019-02-18 03:12:22.373369',461,7,2),(369,'Жаркынбек кызы Айзада','2018-06-22','Кыргызстан','Общественный фонд «Таалим»','NONE','none@mail.ru',NULL,'2019-02-18 03:12:55.369257',461,7,4),(370,'Женишбекова Айгерим Женишбековна','2018-06-22','Кыргызстан','Министерство Обороны КРМинистерство Обороны КР','NONE','none@mail.ru',NULL,'2019-02-18 03:13:30.156246',461,7,2),(371,'Жусубалиев Султангазы Акматбекович','2018-06-22','Кыргызстан','NONE','NONE','none@mail.ru',NULL,'2019-02-18 03:13:55.782712',461,7,4),(372,'Замирбеков Эмилбек Замирбекович','2018-06-22','Кыргызстан','NONE','NONE','none@mail.ru',NULL,'2019-02-18 03:14:28.213567',461,7,4),(373,'Кадыракунов Акжол Бактыбекович','2018-06-22','Кыргызстан','Интернет маркетплейс «SVETOFOR»','NONE','none@mail.ru',NULL,'2019-02-18 03:14:59.922381',461,7,4),(374,'Кожошова Жаркынай Эркинбековна','2018-06-22','Кыргызстан','NONE','NONE','none@mail.ru',NULL,'2019-02-18 03:15:27.342949',461,7,4),(375,'Курганова Сауле Амыркуловна','2018-06-22','Кыргызстан','NONE','NONE','none@mail.ru',NULL,'2019-02-18 03:15:53.902468',461,7,4),(376,'Нурлан Иса','2018-06-22','Кыргызстан','Аэропорт «Манас»','NONE','none@mail.ru',NULL,'2019-02-18 03:16:28.225431',461,7,2),(377,'Руслан уулу Санжар','2018-06-22','Кыргызстан','Компания «Huawei»','NONE','none@mail.ru',NULL,'2019-02-18 03:17:00.822296',461,7,4),(378,'Саиров Бек-Султан Туратбекович','2018-06-22','Кыргызстан','NONE','NONE','none@mail.ru',NULL,'2019-02-18 03:17:28.053853',461,7,4),(379,'Станбеков Эмир Эрнисович','2018-06-22','Кыргызстан','NONE','NONE','none@mail.ru',NULL,'2019-02-18 03:17:52.674262',461,7,4),(380,'Текебаев Нурсултан Туратбекович','2018-06-22','Кыргызстан','Компания «Huawei»','NONE','none@mail.ru',NULL,'2019-02-18 03:19:08.436595',461,7,4),(381,'Толонбеков Данил Толонбекович','2018-06-22','Кыргызстан','компания по программированию','NONE','none@mail.ru',NULL,'2019-02-18 03:21:31.560781',461,7,4),(382,'Трюмов Аман Рахатбекович','2018-06-22','Германия','германия','NONE','none@mail.ru',NULL,'2019-02-18 03:22:02.409546',461,7,4),(383,'Усекеева Мээрим Эрмековна','2018-06-22','Кыргызстан','Газпром нефть','NONE','none@mail.ru',NULL,'2019-02-18 03:22:33.080300',461,7,4),(384,'Эргешев Марлен Кадырбаевич','2018-06-22','NONE','NONE','NONE','none@mail.ru',NULL,'2019-02-18 03:23:29.368519',461,7,4),(385,'Эсенбеков Нурдан Уланович','2018-06-22','Кыргызстан','Общественный фонд «Аталар изи»','NONE','none@mail.ru',NULL,'2019-02-18 03:24:36.779375',461,7,4),(386,'Рысмендеев Бекжан','2012-07-06','Кыргызстан','Кыргыз Темир Жолу','NONE','none@mail.ru',NULL,'2019-02-18 03:34:48.732377',460,7,2),(387,'Шейшенов Нурдин','2012-07-06','Кыргызстан','Interworks exchange','NONE','none@mail.ru',NULL,'2019-02-18 03:35:54.805156',460,7,4),(388,'Айманбаева Бермет Автандильевна.','2012-07-06','Кыргызстан','Глобус','0707 947 064','none@mail.ru',NULL,'2019-02-18 03:37:08.601377',460,7,4),(389,'Канатбекова Сымбат Канатбековна','2013-07-10','Кыргызстан','Бегемот','0559 692 011','none@mail.ru',NULL,'2019-02-18 03:38:38.565522',460,7,4),(390,'Алыкулов Суйунбек Кенешбекович','2012-07-06','Кыргызстан','Trand Tour','0702 908 027','Cool.suiun@mail.ru',NULL,'2019-02-18 03:39:56.277967',460,7,4),(391,'Пашкова Ольга','2015-07-06','Кыргызстан','ОсОО «Космос Компани»','0550 117 881','olya250593@mail.ru',NULL,'2019-02-18 03:42:30.074764',460,7,4),(392,'Атясова Ксения Николаевна','2016-07-12','Кыргызстан','ОсОО «Космос Компани»','0703 577 552','ksushka._94@mail.ru',NULL,'2019-02-18 03:44:16.073827',460,7,4),(393,'Дирксен Мария Максимовна','2018-07-12','Кыргызстан','Гренки','0700 184 222','Redka9191@mail.ru',NULL,'2019-02-18 03:45:35.685380',460,7,4),(394,'Жорокулов Бегалы Дуйшеналыевич','2016-07-12','Кыргызстан','Asia Logistics','0706 006 668','transport@al.kg',NULL,'2019-02-18 03:46:55.674956',460,7,4),(395,'Лера Гук','2014-07-06','Кыргызстан','ОсОО «Космос Компани»','0556 025 023','none@mail.ru',NULL,'2019-02-18 03:48:40.098928',460,7,4),(396,'Турусбекова Жылдыз Ишенбековна','2013-07-10','Кыргызстан','Компания «SBT Co LTD»','0773 557 658','none@mail.ru',NULL,'2019-02-18 03:57:30.317255',460,7,4),(397,'Бейшеналиева Айгерим Оболбековна','2013-07-10','Кыргызстан','Международная транспортная организация», Логистом','0708 565 587','none@mail.ru',NULL,'2019-02-18 03:58:32.176793',460,7,4),(398,'Иманбекова Жаныл','2013-07-10','Кыргызстан','Транспортная компания','0559 998 658','none@mail.ru',NULL,'2019-02-18 04:01:16.633199',460,7,4),(399,'Алпбек кызы Нурзат','2013-07-10','Кыргызстан','Кафедра Логистика','0705 14 90 83','none@mail.ru',NULL,'2019-02-18 04:03:06.010456',460,7,2),(400,'Каримов Рустам','2018-07-12','Кыргызстан','Кумтор','0558 173 370','none@mail.ru',NULL,'2019-02-18 04:05:35.094983',460,7,4),(401,'Азатова Гулина Азатовна','2018-06-27','Кыргызстан','NONE','0700 96 26 96','none@mail.ru',NULL,'2019-02-18 08:16:54.727851',460,7,4),(402,'Алишеров Дастан Нурланович','2018-06-27','Кыргызстан','NONE','0555 88 88 39','none@mail.ru',NULL,'2019-02-18 08:17:47.813887',460,7,4),(403,'Бахтияров Бакай Медербекович','2018-06-27','Кыргызстан','NONE','0772 35-53-99','mederoveech@gmail.com',NULL,'2019-02-18 08:18:45.609193',460,7,4),(404,'Бизяева Елена Александровна','2018-06-27','Кыргызстан','NONE','0708-55-00-10','none@mail.ru',NULL,'2019-02-18 08:19:43.094481',460,7,4),(405,'Джусупова Айгерим Охаповна','2018-06-27','Кыргызстан','NONE','0558 52-56 58','a.dzhusupova19@gmail.com',NULL,'2019-02-18 08:20:28.058053',460,7,4),(406,'Дуйшеналиев Жаныбек Нурдинович','2018-06-27','Кыргызстан','NONE','0705 25 15 70','none@mail.ru',NULL,'2019-02-18 08:21:32.650747',460,7,4),(407,'Жекшеналы уулу Белек','2018-06-27','Кыргызстан','NONE','0551999180','jekshenaliev.belek@gmail.com',NULL,'2019-02-18 08:22:19.950453',460,7,4),(408,'Жерновая Тамара Сергеевна','2018-06-27','Кыргызстан','NONE','0702 54 11 55','none@mail.ru',NULL,'2019-02-18 08:25:05.210905',460,7,4),(409,'Землянухина Дарья Вячеславовна','2018-06-27','Кыргызстан','NONE','0557333143','dashazeml1617@gmail.com',NULL,'2019-02-18 08:25:58.254939',460,7,4),(410,'Кабылбеков Бекжан Азизович','2018-06-27','Кыргызстан','NONE','0700622488','none@mail.ru',NULL,'2019-02-18 08:26:35.164050',460,7,4),(411,'Керимов Амангелди Болотович','2018-06-27','Кыргызстан','NONE','NONE','none@mail.ru',NULL,'2019-02-18 08:27:08.252943',460,7,4),(412,'Кибарова Лейла Насыровна','2018-06-27','Кыргызстан','NONE','0700423453','kibarova-leyla@mail.ru',NULL,'2019-02-18 08:27:55.784661',460,7,4),(413,'Кульчуманова Айым Бекжановна','2018-06-27','Кыргызстан','NONE','0700272420','none@mail.ru',NULL,'2019-02-18 08:29:00.274350',460,7,4),(414,'Муктарбек уулу Арген','2018-06-27','Кыргызстан','NONE','0702154741','argen960826@gmail.com',NULL,'2019-02-18 08:29:50.423218',460,7,4),(415,'Нурланова Аида Нурлановна','2018-06-27','Кыргызстан','NONE','NONE','none@mail.ru',NULL,'2019-02-18 08:30:22.787069',460,7,4),(416,'Пирогова Екатерина Денисовна','2018-06-27','Кыргызстан','NONE','NONE','0.katerina.96@mail.ru',NULL,'2019-02-18 08:30:59.269156',460,7,4),(417,'Сатыбалдиев Азамат Ашырович','2018-06-27','Кыргызстан','NONE','0558 40-49-08','none@mail.ru',NULL,'2019-02-18 08:32:47.835366',460,7,4),(418,'АМОНЗОДА Илхом Темур','1994-07-01','Кыргызстан','Ректор Технологического университета  Таджикистана кандидат технических наук, доцент','+992 37234 79 88','ilhomamonov@mail.ru','None','2019-02-20 04:23:28.282869',456,3,2),(419,'ХАКИМОВ Гафурджон Косимджонович','1971-07-01','Кыргызстан','Проректор по науке и внедрению Таджикского Технологического Университета','+992 37 234 79 88','gafurjon-68@mail.ru',NULL,'2019-02-20 04:26:27.042093',264,3,2),(420,'Садыров Октябрин Алымбекович','1973-07-17','Кыргызстан','ОсОО «Стюарт Эссей Энд Инвайронментал Лэборэторис» (Лаборатория по геохимии и окружающей среде)','+996 772 572 672','o.sadyrov@elcat.kg','None','2019-02-20 04:49:02.478620',303,3,4),(421,'Шопокова Нуркыз Шопоковна','2016-07-13','Кыргызстан','ЗАО «Межбанковский процессинговый центр»','0700510988','nurkyz.shopokova@gmail.com',NULL,'2019-02-21 04:28:22.575712',299,1,4),(422,'Алишер Азирет Маратович','2017-06-19','Кыргызстан','Компания «Veego»','0551567070','aziretalisher@gmail.com',NULL,'2019-02-21 04:31:23.297049',299,1,4),(423,'Куттубеков Жанкарач Кенешбекович','2016-12-20','Кыргызстан','ОсОО AVN','0701777185','jankara4_kg@mail.ru',NULL,'2019-02-21 05:16:30.363884',299,1,4),(424,'Торогельдиев Канатбек Муратбекович','2017-06-19','Кыргызстан','Компания «Mitapp»','0705227668','k.torogeldiev@mail.ru',NULL,'2019-02-21 05:24:43.265077',299,1,4),(425,'Хоменко Татьяна Николаевна','2015-07-08','Кыргызстан','КГТУ им№ И№Раззакова','0705046030','homenko_tanya@mail.ru',NULL,'2019-02-21 05:29:47.926502',299,1,4),(426,'Семененко Анатолий Сергеевич','2012-08-03','Кыргызстан','КГТУ им. И.Раззакова','0701236596','anatoliysemenenko@gmail.com',NULL,'2019-02-21 05:59:36.636811',299,1,4),(427,'Султаналиев Эрик Эркинович','2017-06-19','Кыргызстан','Интернет компания Скайнеп и Глобал Азия','0552277896','ersul4ik@mail.ru',NULL,'2019-02-21 06:10:27.197020',228,1,4),(428,'Элдияров Искендер Сыргакбекович','2015-07-02','Кыргызстан','Национальный Банк КР','0707478957','iskender.eldiyarov@mail.ru',NULL,'2019-02-21 06:18:21.855169',299,1,4),(429,'Анарбаева Азиза Суйунбековна','2018-07-31','Кыргызстан','г.Бишкек','0777007494','vshd18@mail.ru',NULL,'2019-02-21 07:12:50.568129',214,3,4),(430,'Анарбаева Азиза Суйунбековна','2018-07-31','Кыргызстан','г.Бишкек','0777007494','vshd18@mail.ru',NULL,'2019-02-21 07:14:06.786489',214,3,4),(431,'Бабанова Алтынай  Дайырбековна','2018-07-31','Кыргызстан','Г. Бишкек салон','0708237965','vshd18@mail.ru',NULL,'2019-02-21 07:17:12.330101',214,3,4),(432,'Камчыбекова Акылай Камчыбековна','2018-07-31','Кыргызстан','Типограити прфия \" Синт\" дизайн','0702245155','vshd18@mail.ru',NULL,'2019-02-21 07:20:42.752136',214,3,2),(433,'Некрасова Кристина Витальевна','2018-07-31','Кыргызстан','Г. Бишкек учительница физкультуры','0702926335','vshd18@mail.ru',NULL,'2019-02-21 07:25:27.975450',214,3,2),(434,'Турсунбаева Мээрим Жыргалбековна','2018-07-31','Кыргызстан','замужем','0500190495','vshd18@mail.ru',NULL,'2019-02-21 07:28:37.348282',214,3,4),(435,'Сыргаков Нурсултан Сыргакович','2018-07-31','Кыргызстан','продавец консультант','0703403360','vshd18@mail.ru',NULL,'2019-02-21 07:30:02.603158',214,3,3),(436,'Аргын кызы Бопежан','2018-07-31','Кыргызстан','замужем','0703595903','vshd18@mail.ru',NULL,'2019-02-21 07:31:39.455698',214,3,4),(437,'Дуйшенбекова Алия Жылдызбековна','2018-07-31','Кыргызстан','в типографии Print Express, дизайнер','0509550444','vshd18@mail.ru',NULL,'2019-02-21 07:36:05.939940',214,3,2),(438,'Рабаев Солтон Джурсунович','2018-07-31','Кыргызстан','фотограф','0700191977','vshd18@mail.ru',NULL,'2019-02-21 07:37:25.846510',214,3,3),(439,'Турдубаева Каныкей Улукбековна','2018-07-31','Кыргызстан','замужем','0704288242','vshd18@mail.ru',NULL,'2019-02-21 07:38:47.992209',214,3,4),(440,'Нуркалиева Айпери Элдияровна','2018-07-31','Кыргызстан','магистратура','0709720381','vshd18@mail.ru',NULL,'2019-02-21 07:40:26.529845',214,3,1),(441,'Сыртбек кызы Гульзара','2018-07-31','Кыргызстан','продавец консультант','0709084341','vshd18@mail.ru',NULL,'2019-02-21 07:41:38.322951',214,3,3),(442,'Канатбекова Наргиза Канатбековна','2018-07-31','Кыргызстан','продавец консультант в свадебном салоне \" Cosmobella\"','0554059508','vshd18@mail.ru',NULL,'2019-02-21 07:43:53.361675',214,3,3),(443,'Манасова Нагима Талантбековна','2018-07-31','Кыргызстан','замужем','0703035355','vshd18@mail.ru',NULL,'2019-02-21 08:16:26.798405',214,3,4),(444,'Си Чи За Акмаль Зафарович','2018-07-31','Кыргызстан','бизнесмен','0707330017','vshd18@mail.ru',NULL,'2019-02-21 08:19:16.184093',214,3,3),(445,'Чимбаева Элина Муратовна','2018-07-31','Кыргызстан','В Турции','0500190495','vshd18@mail.ru',NULL,'2019-02-21 08:20:35.541632',214,3,3),(446,'Курмангазиева Азиза Канатбековна','2018-07-31','Кыргызстан','Салон красоты \" Жасмин\"','0702778717','vshd18@mail.ru',NULL,'2019-02-21 08:21:53.026064',214,3,3),(447,'Петрова Полина Александровна','2018-07-31','Кыргызстан','магистратура г. Томск','+79234439833','vshd18@mail.ru',NULL,'2019-02-21 08:23:04.568156',214,3,1),(448,'Шаршембиев Б.Н','1998-06-25','Кыргызстан','Председатель Государственного комитета информационных технологий и связи Кыргызской Республики','+996 312 60 50 11','info@ict.gov.kg',NULL,'2019-02-21 10:54:51.679934',293,1,2),(449,'Абубакир кызы Динай','2018-06-28','Кыргызстан','Компания  Sunrise studio','0555486987','dino.tatsu@gmail.com',NULL,'2019-02-21 11:48:11.834919',299,1,4),(450,'Готман Алексей Викторович','2018-06-28','Кыргызстан','Компания  TimeLysoft','0556900260','gotmanalexey@gmail.com',NULL,'2019-02-21 11:49:37.377812',299,1,4),(451,'Шарипов Эльдар Русланович','2018-06-28','Кыргызстан','ОсОО «Реверс»','0703863622','sharp-lion@mail.ru',NULL,'2019-02-21 11:50:32.641973',299,1,4),(452,'Карымбаев Байжигит Алиаскарович','2018-06-28','Кыргызстан','ГУ «Айти-Сервис» при ГНС','0550998079','karymbaev.b@gmail.com',NULL,'2019-02-21 11:51:27.120088',299,1,2),(453,'Салиев Жаныш Абдурашидович','2018-06-28','Кыргызстан','Турецская строительная компания ANTTEQ в г.Москва','0703230696','janysh-96-96@mail.ru',NULL,'2019-02-21 11:52:35.033973',299,1,4),(454,'Вилисов Михаил Анатольевич','2018-06-28','Кыргызстан','Компания «Unirock Partners» (разработка коннекторов для криптобирж)','0700204086','misha867458@gmail.com',NULL,'2019-02-21 11:53:23.932770',299,1,4),(455,'Гамбург Андрей Юрьевич','2018-06-28','Кыргызстан','ОАО  «Бакай банк»','0779606419','gamburg.andrei26@gmail.com',NULL,'2019-02-21 11:54:08.963345',299,1,4),(456,'Дашина Елена Евгеньевна','2018-06-28','Кыргызстан','Компания  TimeLysoft','0555732987','elena_dashina@mail.ru',NULL,'2019-02-21 11:54:53.241878',299,1,4),(457,'Жарков Руслан Евгеньевич','2018-06-28','Кыргызстан','ОАО «Росинбанк»','0551331768','rus_basket_kg@inbox.ru',NULL,'2019-02-21 11:55:39.128503',299,1,4),(458,'Токтогазиева Жаныл Анарбековна','2018-06-28','Кыргызстан','Онлайн-маркет aMart.kg','0709277613','123kgtest@gmail.com',NULL,'2019-02-21 11:56:37.887138',299,1,4),(459,'Эмиросланов Джавад Сулейманович','2018-06-28','Кыргызстан','Компания  TimeLysoft','0777609216','emiroslanov@bk.ru',NULL,'2019-02-21 11:57:21.336623',299,1,4),(460,'Тургунбаев Элдияр Эмилович','2018-06-28','Кыргызстан','Сахарный завод в Каинды','0778003946','edt_94@mail.ru',NULL,'2019-02-21 11:57:59.400800',299,1,4),(461,'Ким Владислав Михайлович','2018-06-28','Кыргызстан','ЗАО «Сайма Телеком» и NV Алматы','0556949744','k1ng.kv.ky@gmail.com',NULL,'2019-02-21 11:59:45.767884',299,1,4),(462,'Болотбек уулу Нурсултан','2018-06-28','Кыргызстан','ГП «КЫРГЫЗАЭРОНАВИГАЦИЯ»','0556180454','nursace.bn@gmail.com',NULL,'2019-02-21 12:00:37.543846',299,1,4),(463,'Полынский Владислав Викторович','2018-06-28','Кыргызстан','Saima-Telecom','0550071797','vladislavpolynskii@mail.ru',NULL,'2019-02-21 12:01:32.657998',228,1,4),(464,'Онищенко Даниил Игоревич','2018-06-28','Санкт-Петербург','Стартап проект и магистратура в Санкт-Петербургский политехнический университет Петра Великого по на','0771069555','daniilonischenkodev@gmail.com',NULL,'2019-02-21 12:02:48.826354',228,1,4),(465,'Онищенко Даниил Игоревич','2018-06-28','Санкт-Петербург','Стартап проект и магистратура в Санкт-Петербургский политехнический университет Петра Великого по на','0771069555','daniilonischenkodev@gmail.com',NULL,'2019-02-21 12:02:49.759408',228,1,4),(466,'Мукамбетов Жанкарач Долонбекович','2016-07-13','Кыргызстан','Открытое Акционерное Общество \"Дос-Кредобанк\"','0700808889','jankarach@gmail.com',NULL,'2019-02-21 12:05:45.466458',299,1,4),(467,'Эркинбаев Алмазбек Эркинбаевич','2011-07-05','Кыргызстан','Национальный банк Кыргызской Республики','0552717790','diamond2007-88@mail.ru',NULL,'2019-02-21 12:10:45.459616',299,1,4),(468,'Жумабеков Усен Жекшенбекович','2011-07-05','Кыргызстан','ОСОО \"Стюарт Эссей энд инвайронментал лэборэторис\"','0772858517','jjyson@mail.ru',NULL,'2019-02-21 12:17:16.792999',299,1,4),(469,'Щербинина Валерия Евгеньевна','2017-06-19','Кыргызстан','Банк KCIB','0773053845','lero4ka1095@gmail.com',NULL,'2019-02-21 12:44:00.733237',228,1,4),(470,'Наседкин Дмитрий Андреевич','2017-06-19','Кыргызстан','Компания «Mavixlo»','0312562638','dimon_kg@mail.ru',NULL,'2019-02-21 12:45:47.677354',299,1,4),(471,'Орозов Жаштилек Мирбекович','2017-06-19','Кыргызстан','Компания «Mavixlo»','0552180996','cirius-sam@list.ru',NULL,'2019-02-21 12:49:37.131478',299,1,4),(472,'Алиаскарова Мээрим Алиаскаровна','2017-06-19','Кыргызстан','Компания «Centuara»','0312513854','aliaskarova_m@mail.ru',NULL,'2019-02-21 12:51:58.211547',299,1,4),(473,'Федяев Вячеслав Игоревич','2017-06-19','Кыргызстан','НСК/ГВЦ (нац.стат.ком./главный вычислительный центр)','0312366264','gitara-12@mail.ru',NULL,'2019-02-21 12:53:45.416679',299,1,4),(474,'Мырзалиева Аида Ойозбековна','2010-06-28','Кыргызстан','КГТУ им.И.Раззакова','0702282887','aida060187.87@mail.ru',NULL,'2019-02-22 03:52:55.304111',273,2,4),(475,'Мырзалиева Аида Ойозбековна','2010-06-28','Кыргызстан','КГТУ им.И.Раззакова','0702282887','aida060187.87@mail.ru',NULL,'2019-02-22 03:56:05.051964',273,2,4),(476,'Маткеримов Таалайбек Ысманалиевич','1989-06-16','Кыргызстан','КГТУ им.И.Раззакова','0702539685','talai_m@bk.ru',NULL,'2019-02-22 04:04:33.460043',270,2,1),(477,'Бакелов  Т.','2010-06-25','Кыргызстан','Центр плова','0555232727','bekelovT@mail.ru',NULL,'2019-02-25 04:56:13.330541',307,3,4),(478,'Жолдошов Маматаир Камалович','1994-06-24','Кыргызстан','КГТУ им.И.Раззакова','0778317941','jktair@mail.ru',NULL,'2019-02-25 04:58:34.188598',462,2,1),(479,'Барановский К','2010-06-25','Кыргызстан','ТЦ «Берекет»','0773497585','BaranovskiyK@mail.ru',NULL,'2019-02-25 05:00:24.117885',307,3,4),(480,'Бейшекеева Бегайым Аламановна','2016-07-04','Кыргызстан','КГТУ им.И.Раззакова','0500934649','begai4649@bk.ru',NULL,'2019-02-25 05:01:49.441765',272,2,4),(481,'Дюшеналиева А.','2010-06-25','Кыргызстан','Ансамбль «Кызбурак»','0552555088','DDA@mail.ru',NULL,'2019-02-25 05:02:23.943739',307,3,4),(482,'Таштанова Асел Сабырбековна','2018-06-22','Кыргызстан','КГТУ им.И.Раззакова','0507066776','asel.tashtanova@bk.ru',NULL,'2019-02-25 05:05:41.715051',462,2,4),(483,'Лоза О','2010-06-25','Кыргызстан','г. Кант, магазин «Мечта»','0555157230','LozaO@mail.ru',NULL,'2019-02-25 05:07:28.609165',307,3,4),(484,'Меджитова В.','2010-06-25','Кыргызстан','г. Ташкент','0554472177','VMedjitova@mail.ru',NULL,'2019-02-25 05:10:25.111260',307,3,4),(485,'Маликова Нурзада Жумабековна','2005-06-25','Кыргызстан','КГТУ им.И.Раззакова','0702403756','nuli_ledi@mail.ru',NULL,'2019-02-25 05:11:22.127521',462,2,4),(486,'Харламова Т.','2010-06-25','Кыргызстан','Кондитерский цех «Аккуу»','0701699991','CharlamovaT@mail.ru',NULL,'2019-02-25 05:13:08.710301',307,3,4),(487,'Умарова Г.','2010-06-25','Кыргызстан','Ресторан «Дамаск»','0770008615','UmarovaG@mail.ru',NULL,'2019-02-25 05:15:57.991984',307,3,4),(488,'Молтоева Зарина Джумакадыровна','2009-06-25','Кыргызстан','КГТУ им.И.Раззакова','0555229397','asyla-dom@mail.ru',NULL,'2019-02-25 05:17:11.442185',462,2,4),(489,'Гумаров Рамиль','2012-06-25','Кыргызстан','Фирма «СОММЕТ»','0550996643','r.gumarov@mail.ru',NULL,'2019-02-25 05:19:45.343987',307,3,4),(490,'Гумаров Рамиль','2012-06-25','Кыргызстан','Фирма «СОММЕТ»','0550996643','r.gumarov@mail.ru',NULL,'2019-02-25 05:19:46.194036',307,3,4),(491,'Глухих Виктория','2012-06-25','Кыргызстан','Училище №18','0550224977','G.Viktoriya@mail.ru',NULL,'2019-02-25 05:23:19.226221',307,3,4),(492,'Усенбаева Бермет','2012-06-25','Кыргызстан','ЧП «Мир сладостей»','0707300900','UsenbaevaB@mail.ru',NULL,'2019-02-25 05:26:44.459960',307,3,4),(493,'Туртемирова Алтынай','2012-06-25','Кыргызстан','ЧП «Русские пироги»','0550799190','turtemirovaA@mail.ru',NULL,'2019-02-25 05:29:00.997769',307,3,4),(494,'Субанбек кызы Жибек','2012-06-25','Кыргызстан','ОсОО «Акун»','0552112933','SJ@mail.ru',NULL,'2019-02-25 05:30:33.313049',307,3,4),(495,'Майликова Салтанат','2012-06-25','Кыргызстан','Магазин частный','0559799190','SaltanatM@mail.ru',NULL,'2019-02-25 05:32:45.613616',307,3,4),(496,'Амантур кызы Айжан','2012-06-25','Кыргызстан','ЧП «Русские пироги»','0556900590','Aijan9090@mail.ru',NULL,'2019-02-25 05:35:06.411670',307,3,4),(497,'Асылбекова Назира Асылбековна','2013-06-25','Кыргызстан','Ресторан «Эдем»','0555056262','Nazira9191@mail.ru',NULL,'2019-02-25 05:36:55.917933',307,3,4),(498,'Бекбоо кызы Бактыгул','2013-06-25','Кыргызстан','ТЦ «Народный»','0772857230','baktygul9091@mail.ru',NULL,'2019-02-25 05:38:36.711698',307,3,4),(499,'Алымкулов Карыпбек  Алымкулович','1960-07-25','Кыргызстан','Инженерная академия НАН КР','031266-38-12','',NULL,'2019-02-25 05:40:18.643528',250,8,1),(500,'Шакирова Назира Анваровна','2013-06-25','Кыргызстан','ТЦ «Арзан»','0551508744','awakirova@mail.ru',NULL,'2019-02-25 05:42:54.473441',307,3,4),(501,'Катырова Зарина Рифкатаевна','2013-06-25','Кыргызстан','ОсОО «Алис- Лидер»','0555668866','Zarina9192@mail.ru',NULL,'2019-02-25 05:46:14.611888',307,3,4),(502,'Оспанов Серикжан','2013-06-25','Кыргызстан','Аэропорт «Манас»','0555493940','Serikjan90@mail.ru',NULL,'2019-02-25 05:48:59.691330',307,3,4),(503,'Усенбаева Айдай','2013-06-25','Кыргызстан','Мегаком','0553032053','aidai90@mail.ru',NULL,'2019-02-25 05:52:30.548391',307,3,4),(504,'Клычев Вячеслав Андреевич','2014-06-25','Кыргызстан','Частная школа «Оксфорд»','0550357949','KlychevV@mail.ru',NULL,'2019-02-25 05:59:23.878032',307,3,4),(505,'Мадеминова Минура Мадеминовна','2014-06-25','Кыргызстан','КГТУ, кафедра ТПОП','0558271717','minura92@mail.ru',NULL,'2019-02-25 06:01:06.258888',307,3,4),(506,'Абдрахманова Нурзада Бейшеналиевна','2015-06-25','Кыргызстан','Декретный отпуск','0559195229','nurzada93@mail.ru',NULL,'2019-02-25 06:04:23.492169',307,3,4),(507,'Абдрахманова Мадина Мыктыбековна','2015-06-25','Кыргызстан','Декретный отпуск','0550058055','madina94@mail.ru',NULL,'2019-02-25 06:06:18.200730',307,3,4),(508,'Болотова Чынара Болотовна','2015-06-25','Кыргызстан','Кафе «Казанок»','0554939197','bolotova93@mail.ru',NULL,'2019-02-25 06:08:25.061986',307,3,4),(509,'Куликова Кристина Александровна','2015-06-25','Кыргызстан','Проф. лицей №10','0550983070','kristina@mail.ru',NULL,'2019-02-25 06:11:11.297494',307,3,4),(510,'Минбаев Эльдос Эрнисбекович','2015-06-25','Кыргызстан','ТЦ «Народный»','0700466355','eldos@mail.ru',NULL,'2019-02-25 06:13:15.535605',307,3,4),(511,'Жансупова Нурайым Темирбековна','2015-06-25','Кыргызстан','Рынок «Дордой»','0770100706','Jansupova93@mail.ru',NULL,'2019-02-25 06:15:33.330486',307,3,4),(512,'Акбашова Асель Аликовна','2015-06-25','Кыргызстан','Иссык-Куль Ресторан «Аврора»','0700122440','asel93@mail.ru',NULL,'2019-02-25 06:17:07.856893',307,3,4),(513,'Джумакеева Саламат Шайлообековна','2015-06-25','Кыргызстан','Декретный отпуск','0770596886','SalamatW@mail.ru',NULL,'2019-02-25 06:18:50.549767',307,3,4),(514,'Иванова Ольга Сергеевна','2015-06-25','Кыргызстан','Ресторан «Кардинал»','0550478790','ivanovaO@mail.ru',NULL,'2019-02-25 06:20:38.690952',307,3,4),(515,'Кырбашева Айдан Иличбековна','2015-06-25','Кыргызстан','Ресторан «Кардинал»','0555076794','aidan94@mail.ru',NULL,'2019-02-25 06:22:16.657555',307,3,4),(516,'Малкин Евгений Сергеевич','2015-06-25','Кыргызстан','Компьютерный клуб','0772664828','malkin94@mail.ru',NULL,'2019-02-25 06:26:56.326552',307,3,4),(517,'Талайбеков Тилек Талайбекович','2015-06-25','Кыргызстан','Ресторан «Барашек»','0705707224','tilek94@mail.ru',NULL,'2019-02-25 06:28:35.798241',307,3,4),(518,'Толщин Илья Александрович','2015-06-25','Кыргызстан','Рынок «Аламедин»','0558230992','tolschin94@mail.ru',NULL,'2019-02-25 06:30:27.869651',307,3,4),(519,'Укубаева Нарина Муратбековна','2015-06-25','Кыргызстан','Декретный отпуск','0557781200','narina94@mail.ru',NULL,'2019-02-25 06:32:03.378114',307,3,4),(520,'Шабданбекова Бегимай Шабданбековна','2015-06-25','Кыргызстан','Ресторан «Дамаск»','0772719300','bema94@mail.ru',NULL,'2019-02-25 06:33:26.552871',307,3,4),(522,'Бегалиева А.А.','2016-06-25','Кыргызстан','Кафе «Миг»','0556338339','begalieva.a@mai.ru',NULL,'2019-02-25 07:01:38.468084',307,3,4),(530,'Мелис Асаналиевич Серкебаев','2007-05-25','Кыргызстан','Кумтор','0557364304','Melis.serkebaev@gmail.com',NULL,'2019-02-25 07:10:07.922223',250,8,3),(537,'Зайко Надежда Александровна','2018-05-25','Кыргызстан','ПГТ Орловка  Кременский завод','0550 381264','z.nadya_95@mail.ru',NULL,'2019-02-25 07:13:57.200326',250,8,4),(538,'Абакирова Элиза Майрамбековна','2008-06-25','Кыргызстан','КГТУ им. И. Раззакова','0770416786','mairambekovna@mail.ru',NULL,'2019-02-25 07:20:10.950703',307,3,4),(543,'Жумаев Чынгыз  Сайранбекович','2018-05-25','Кыргызстан','ЧП Сейф бизнес','0700325344','Gumaev96@mail.ru',NULL,'2019-02-25 07:28:00.367552',249,8,4),(558,'Иванов Владимир Александрович окончил 2005','2005-05-25','Кыргызстан','Кумтор','0555373272','',NULL,'2019-02-25 07:48:30.024157',250,8,4),(559,'Алымкулов Карыпбек  Алымкулович','1960-05-25','Кыргызстан','Инженерная академия НАН КР','0555705080','karupbek38@mail.ru',NULL,'2019-02-25 07:51:54.970879',463,8,4),(560,'Джунушалиев Канимет Абдыбекович 1986 год','1986-05-25','Кыргызстан','Гос.инспекция по экологичес- кой и тех. безопасности при Прав.КР','0701 901 164','',NULL,'2019-02-25 08:00:29.335299',250,8,4),(561,'Губаева В.Р.','2016-06-25','Кыргызстан','Бар «Койот»','0556640505','Gubaeva.B@mail.ru',NULL,'2019-02-25 08:23:05.487867',307,3,4),(562,'Раимбердиева С.Р.','2016-06-25','Кыргызстан','Кафе «Мира»','0709923355','RSR@mail.ru',NULL,'2019-02-25 08:24:33.727914',307,3,4),(563,'Турдуакматова','2016-06-25','Кыргызстан','Колледж КЭУ','0708202068','turdu.a@mail.ru',NULL,'2019-02-25 08:27:40.265583',307,3,4),(564,'Кочкорбаева Ж.','2016-06-25','Кыргызстан','ТЦ «Народный»','0770666928','kristina@mail.ru',NULL,'2019-02-25 08:28:59.491115',307,3,4),(565,'Хурман Ж.Д.','2016-06-25','Кыргызстан','Казахстан Склад продуктов питания','0553986888','xurman94@mail.ru',NULL,'2019-02-25 08:31:03.036181',307,3,4),(566,'Бакиева С.М.','2016-06-25','Кыргызстан','Манас','0708516700','begalieva.a@mai.ru',NULL,'2019-02-25 08:32:22.798743',307,3,4),(567,'Жолдошбекова Б.','2016-06-25','Кыргызстан','Г.Шымкент Казахстан','0702511218','b.zholdoshbekova@mail.ru',NULL,'2019-02-25 08:33:33.477786',307,3,4),(568,'Кан Марина Артуровна','2018-06-25','Кыргызстан','Кафе «Кумган»','0555709124','kan@mail.ru',NULL,'2019-02-25 08:35:05.932074',307,3,4),(569,'Альмкулова Айсалкын Темирбековна','2018-06-25','Кыргызстан','«Хорико» Клаб','0550675050','aat@mail.ru',NULL,'2019-02-25 08:36:39.360418',307,3,4),(570,'Гладышев Алекс Андреевич','2017-06-25','Кыргызстан','Комп. «Стейкер»','0550870740','gladyweva@mail.ru',NULL,'2019-02-25 08:37:54.587720',307,3,4),(571,'Алмаз','2013-06-06','Кыргызстан','ктрк','','webalmaz@yandex.ru','','2019-02-27 08:06:16.892708',298,5,4),(572,'Охотников Виталий Иванович','2009-07-10','Кыргызстан','КГТУ им.И.Раззакова','0703229452','okhotnikov2@mail.ru','','2019-02-28 09:38:41.182417',272,2,1),(573,'Охотников Виталий Иванович','2009-07-10','Кыргызстан','КГТУ им.И.Раззакова','0703229452','okhotnikov2@mail.ru','','2019-02-28 09:38:42.383619',272,2,1),(574,'Кадыров Эрмек Турганбаевич','2009-07-10','Кыргызстан','КГТУ им.И.Раззакова','0772620080','Kadet-dosoi@mail.ru','','2019-02-28 09:41:14.593086',272,2,1),(575,'Абдималик кызы Айгуль','2018-06-26','Кыргызстан','КГТУ им.И.Раззакова','0707179314','aigulabdim@mail.ru','','2019-02-28 09:44:44.803455',272,2,4);
/*!40000 ALTER TABLE `student_student` ENABLE KEYS */;
UNLOCK TABLES;
/*!40103 SET TIME_ZONE=@OLD_TIME_ZONE */;

/*!40101 SET SQL_MODE=@OLD_SQL_MODE */;
/*!40014 SET FOREIGN_KEY_CHECKS=@OLD_FOREIGN_KEY_CHECKS */;
/*!40014 SET UNIQUE_CHECKS=@OLD_UNIQUE_CHECKS */;
/*!40101 SET CHARACTER_SET_CLIENT=@OLD_CHARACTER_SET_CLIENT */;
/*!40101 SET CHARACTER_SET_RESULTS=@OLD_CHARACTER_SET_RESULTS */;
/*!40101 SET COLLATION_CONNECTION=@OLD_COLLATION_CONNECTION */;
/*!40111 SET SQL_NOTES=@OLD_SQL_NOTES */;

-- Dump completed on 2019-03-03 23:01:59
